Firstname,Lastname,Score
David,Berry,80.7
Retta,Rupert,68.79
Fernando,Ferrara,73.9
Retha,Yon,71.85
Rafael,Mason,76.06
Jennifer,Campbell,81.07
Leroy,Brown,67.92
Steven,Bannon,92.97
Matthew,Ming,71.2
Douglas,Carnahan,79.87
Betty,Sherwood,92.31
Maria,Findley,78.26
Eugene,Devoe,85.57
Sheila,Randazzo,71.33
Shirley,Dekker,95.47
William,Williams,81.56
Jolene,Walker,83.48
Malcolm,Randazzo,85.14
Julie,Stephens,79.19
Mary,Martin,85.4
Elizabeth,Doolittle,96.5
Dolores,Baez,91.46
Candice,Mccoy,67.68
Rocky,Hall,61.51
Kyle,Powell,83.67
Richard,Degennaro,79.85
Mark,Johnson,73.63
Maria,Nguyen,72.31
Daniel,Mcdonald,77.44
Marie,Conrad,71.56
Tony,Cook,75.85
David,Tuenge,77.18
Cherry,Byrd,84.85
Deanna,Beyer,82.02
Leslie,Martinez,68.81
Carolyn,Levitan,78.04
Gregoria,Newman,80.88
Connie,House,79.29
Diane,Bowlin,75.34
David,Vosburg,82.89
Iris,Brown,81.14
Judith,Anderson,85.65
Jacqueline,Winston,74.26
Anna,Dunlop,79.82
Susan,Delorenzo,77.17
George,Miles,88.46
Pedro,Ashe,85.15
James,Wahl,87.63
Kenneth,Fulmer,86.01
Marjorie,Williams,69.71
Tasha,Newsome,79.89
Anna,Orth,75.55
Charles,Sheldon,65.97
Robin,Roades,75.84
Janet,Lykes,88.07
Debbie,Crowell,66.62
Dave,Marshall,80.68
David,Myers,77.88
Tommy,Dunlow,88.15
Van,Newbury,75.22
Melissa,Davis,76.52
James,Huynh,80.03
Daniel,Ledoux,89.88
Earnestine,Jameson,76.99
Clyde,Martin,82.91
Randy,Sexton,75.87
Janet,Patenaude,69.2
Jennifer,Thomas,75.88
Mark,Bybee,80.04
Wilbur,Shan,58.75
Amanda,Gardner,88.99
Judy,Maddox,70.5
William,Benton,81.07
Michael,Barron,54.41
Eric,Abud,79.19
Janice,Connally,83.7
Lee,Bowen,73.17
Martha,Waters,68.6
Richard,Blanchard,73.09
Lonnie,Haney,65.12
Janet,Bodie,81.9
Michelle,Benoist,73.92
Reginald,Lanier,89.12
Tony,Taylor,74.44
Randy,Hurdle,83.7
Naomi,Sloan,77.9
Susan,Bossert,78.04
Sara,Rogers,83.22
Joni,Roberts,86.25
Carolyn,Luker,84.11
Paul,Williams,80.64
Cindy,Mcglothlin,82.09
John,Simon,85.92
John,Kinkade,85.24
Kevin,Dixon,78.73
Debbie,Cassano,79.57
Camelia,Shaffstall,67.38
Mellie,Guerrero,91.32
Keith,Cheng,66.53
Rosie,Mctigue,72.02
Terry,Botto,84.57
James,Chan,68.08
Trinh,Stevens,76.93
Lloyd,Bliven,81.55
Israel,Schulle,93.64
Frank,Smith,78.87
Lou,Robinson,63.53
Christopher,Oliveira,83.18
Marsha,Rivera,66.97
Samuel,Barnard,80.06
Dianne,Chase,76.2
Kelly,Jenkins,74.95
Stephen,Wessels,81.6
Ann,Hughes,69.61
Curt,Young,80.79
Gerald,Lenoir,93.36
Donna,Sanchez,73.3
Chance,Hill,84.87
Dennis,Sullivan,65.94
Kathryn,Hughes,72.04
Frank,Starnes,62.86
Howard,Dennis,64.63
Thelma,Baggett,79.27
Clarence,Belin,89.75
Susan,Hansbrough,83.19
Brandon,Lambert,77.97
Joe,Jacobs,79.54
Kelly,Butler,88.85
James,Devlin,78.15
Jackie,Mikels,99.0
James,Tullar,91.77
Rose,Siegal,53.09
Sara,Sweeting,82.02
Jack,Bowen,66.67
Melissa,Turner,82.1
Sergio,Montgomery,75.74
Delbert,Scott,75.75
Eddie,Siwiec,72.32
Wendy,Eaton,79.52
Tammy,Nealy,77.8
Paul,Vacca,74.24
Isaac,Amos,82.83
Henry,Harris,76.32
Esther,Frein,85.61
Ruth,Pitpitan,73.92
Anthony,Hatcher,79.72
Laura,Garrison,72.12
Joan,Desimone,85.13
Richard,White,62.45
Ronald,Jeffers,85.92
Loyd,Hurt,71.33
Lori,Campbell,79.68
Lawrence,Truett,82.57
Mary,Pesce,86.78
Jamal,Hamilton,79.86
Joseph,Washington,72.55
Suzanne,Brown,78.1
Jeremy,Nguyen,80.82
Edna,Bruce,81.14
Thomas,Harmon,77.68
Mona,Delrio,76.95
Douglas,Smith,73.85
Thomas,Cusumano,75.49
Delmar,Derry,77.65
Margaret,Harris,86.82
Sharon,May,68.93
Clara,Speas,70.9
Luis,Diego,68.82
Anthony,Smith,78.83
Maurice,Munoz,73.84
Jose,Clark,78.4
Lorene,Brown,74.17
Laura,Powell,75.44
Kimberly,Soule,77.99
Beatrice,Mccullough,67.28
Willie,Rudy,65.09
Debra,Castiglione,62.64
Melanie,Westlund,93.81
Mary,Baker,68.96
George,Wilson,77.1
Billy,Kennedy,74.61
Andrew,Greene,70.71
Cynthia,Diaz,85.08
James,Pascale,91.49
William,Perry,82.03
Blake,Cartwright,80.11
Justin,Scott,75.12
Billie,Burch,75.88
Arturo,Escobedo,92.13
Ana,Keach,76.71
Matthew,Linney,78.52
Victor,Miller,84.24
Amanda,Hackett,75.6
Karla,Evans,80.55
Helen,Gandy,94.05
Marguerite,Landreneau,57.59
Alan,Talbott,80.98
James,Seider,86.93
Patrick,Laud,76.14
Lucien,Clausen,65.35
Katherine,Rojas,72.26
Holly,Bethea,81.5
Jill,Reyes,67.13
Charles,Tracy,82.14
Mary,Parker,84.21
Margaret,Murry,74.6
Kyle,Keenan,83.38
Terry,Rantz,78.69
Alexander,Lewis,66.71
Donnie,Haynes,81.42
Halina,Willingham,91.22
Kim,Kellogg,68.76
Sharon,Kilpatrick,82.46
Hope,Harris,74.0
Daniel,Wolf,75.83
Orville,Frazier,77.52
Garland,Mcclay,75.06
Vernon,Taylor,67.62
Estelle,Gay,78.72
Mary,Powell,93.74
Joan,Hoffman,84.18
Robert,Chesson,75.57
Delores,Harms,79.52
Crystal,Penix,83.36
Owen,Vallejo,77.2
John,Gardner,78.81
Carolyn,Pinkard,84.82
Charles,Rock,77.54
Carole,Brown,84.74
Barbara,Rodriguez,85.92
Douglas,Silliman,118.0
Roosevelt,Wicks,71.59
Lisa,Schwalb,81.39
Kevin,Campbell,88.21
Mark,Yeakley,74.29
Daniel,Pak,86.56
Amy,Washington,73.03
Shila,Hopkins,73.51
Jack,Weintraub,66.22
Tanya,Weaver,75.69
Barbara,Garcia,76.55
Kathy,Leon,73.78
Adele,Monton,84.54
Hortensia,Parrott,75.02
Lakeisha,Wentzloff,89.58
Laura,Hall,84.29
William,Meeler,81.85
Evelyn,Santacruz,72.18
Aaron,Rodriguez,79.71
Brian,Moore,66.34
James,Zuniga,73.5
Joseph,James,82.42
Amy,Fallon,74.72
John,Stafford,67.08
Maureen,Griffin,87.84
Malcolm,Gibbs,67.09
Ann,Ralph,75.99
David,Bahena,89.8
Ashley,Clark,97.49
Lester,Spivey,79.36
Michael,Sorrell,77.87
Manuel,Jackson,81.01
Ruby,Gatlin,90.7
Robert,Long,77.63
Sydney,Johnson,71.43
James,Vaugh,70.96
Melvin,Garza,76.45
Christy,Powell,66.84
Terence,Royce,70.25
John,Newell,70.68
Maude,Beverly,77.19
Mildred,Reeder,83.5
David,Duffy,65.97
James,Mash,81.23
Carol,Findley,81.2
Diana,Pittman,78.75
Beatrice,Dibble,60.69
Luke,Jeffries,77.36
Brian,Wagers,81.77
Melvin,Mulcahy,83.39
Wilfred,Kio,91.23
James,Harris,68.67
Kylie,Clark,72.73
Pamela,Bowie,87.33
Rita,Thompson,75.15
Steven,Brunetti,71.82
Mark,Emanuel,63.93
Anne,Whelton,84.43
Donald,Kirker,85.1
Brandon,Richardson,83.68
Jeff,Gall,88.06
Charlotte,White,69.41
Linda,Lavery,68.28
Mary,Thornton,80.5
Michelle,Boothe,87.13
Jeremiah,Sampson,81.03
Shanda,Hem,80.81
Jamie,Swank,79.3
Gregory,Brazier,71.49
Emily,Wood,87.82
Arlene,Milosevic,75.5
Cherri,Fields,78.18
Raymond,Ross,80.5
Tamara,Schulte,81.73
Ellen,Fuller,77.22
Christopher,Peltz,92.51
John,Ellis,78.45
Nicholas,Sheldon,73.41
Gail,Tyree,69.1
Joseph,Glover,77.01
Leroy,Tellez,77.19
Gayle,Ellison,80.74
Annette,Walker,78.35
Michael,Murray,83.37
Joseph,Odom,74.44
Lauryn,Soderberg,78.76
Wilma,Peterson,66.81
Heather,Murphy,66.15
Anna,Price,78.37
Forrest,Kmiecik,78.06
Thomas,Yahna,69.29
James,Jackson,69.41
Carmen,Kania,92.06
Fred,Gregg,77.85
Michael,Ewy,66.56
Dorothy,Decosta,81.83
Zelda,Coleman,85.92
James,Crouchet,69.95
Bobby,Hadfield,81.94
Frank,Rushing,77.29
Kevin,Barile,72.8
Lola,Story,69.07
Paul,Lewis,76.58
David,Miller,69.45
Harvey,Strother,71.67
Robert,Huffman,68.17
Inell,Jacks,70.53
Rosalva,Thomas,78.03
Corey,Austin,79.36
Catherine,Berry,86.85
Dorothy,Finch,74.09
Carl,Jepson,73.5
Ervin,Bolender,86.67
Elizabeth,Taegel,80.1
Donald,Tyler,78.29
Shelia,Mckenzie,78.06
Billy,Haag,70.75
Ruth,Chun,76.5
Stephanie,Conner,76.34
Dale,Williams,71.97
Kevin,Aaron,84.32
Mendy,Hickey,72.8
Sandra,Haggerty,75.58
James,Williams,86.17
Randy,Camire,80.55
Wallace,Mullins,71.07
Kristen,Braden,79.13
Denise,Kelly,72.53
Freddie,Hadden,80.43
Jeffrey,Brown,73.2
Anna,Seaton,55.97
Mollie,Landor,88.81
Cathy,Mcneil,80.82
Jamie,Hipp,68.38
Jonathan,Parra,79.9
Ronald,Rowles,77.28
Elmer,Debose,78.2
James,Samaroo,91.24
Brandy,Emond,71.65
Maurice,Villanueva,72.75
Romeo,Lundquist,69.88
Donna,Camacho,77.06
Carlos,Hill,80.24
Claire,Hankins,73.74
Ashley,Simmons,70.31
Scott,Sprague,72.06
Dan,Maris,70.78
Deloris,Atchley,78.2
Diane,Sexton,74.74
David,Ward,76.79
Ruth,Hicks,74.76
Lorraine,Hermans,60.39
James,Sayco,88.26
Paul,Lacy,82.95
Lisa,Brown,77.03
William,Havens,67.21
Simon,Pollard,74.2
Betty,Benton,58.31
David,Horn,76.92
Kelly,Parnell,86.91
Jose,Peters,90.35
Anthony,Johnson,79.29
Susan,Everson,71.22
Allen,Peloquin,83.79
Michael,Richard,85.77
Kelly,Robison,68.36
Oscar,Locker,78.86
Daryl,Heath,66.26
Derek,Oneil,82.96
Edward,Reeves,72.28
Kris,Johansen,84.48
Bertie,Huston,90.97
Karen,Dray,76.21
Angelica,Davis,66.22
Ricardo,Reader,84.54
John,Hollingshead,86.32
Ruth,Lowe,77.45
Roscoe,Bartkowiak,91.44
Stanley,Greene,71.36
Heather,Rea,69.35
Rafael,Buckman,92.11
Deborah,Le,88.21
Raul,Mcnealy,84.41
Mary,Phaneuf,83.14
Adam,Woods,72.81
Charles,Dempsey,82.35
Ashley,Lambertson,80.15
Mary,Sullivan,76.83
Roland,Rodkey,78.75
Mary,French,78.78
Melba,Mayberry,82.62
Patricia,Hepworth,67.08
Jeffrey,Daniels,71.46
Becky,Noel,86.99
Marisa,Williams,64.29
Chad,Padilla,77.36
Frances,Campbell,77.78
James,Tsutsumi,77.38
David,Chaffin,70.3
Colleen,Segura,66.59
William,Hedgepeth,69.8
James,Koeneman,76.44
Corliss,Passe,76.89
Teresa,Ford,82.89
Andrew,Vance,68.71
Richard,Robinson,76.64
Billy,Perez,79.0
Thomas,Lopez,76.56
John,Bishop,78.68
Louise,Gilman,75.43
Debra,Sparrow,80.53
Max,Digiovanni,82.87
Essie,Daniel,77.97
William,Smith,78.9
Lottie,Bardwell,81.43
Janice,Bueno,78.29
Peter,Moon,68.9
Ray,Christner,83.3
Nicole,Mcginness,73.92
Elizabeth,Mcavoy,73.18
Albert,Carpenter,79.62
Joan,Small,79.86
Beverly,Herrin,78.11
Lucille,Blackburn,81.94
Hazel,Kelley,82.32
Jerald,Coleman,84.82
Shannon,Yarber,80.81
Larry,Heuer,81.14
Jason,Martinez,72.71
Barry,Vaughan,74.08
Danny,Norman,85.32
Philip,Harvey,86.41
Dolores,Belgarde,81.13
Minerva,Burbank,94.35
Melba,Hansen,68.32
Frank,Topolosky,87.1
Roger,Botkins,74.16
Janet,Woods,73.43
Jean,Yerian,79.28
Della,Arnold,86.56
Catherine,Robinson,69.63
Catherine,Bouchard,94.94
Nora,Luciani,91.32
Dennis,Wilson,82.57
James,Stith,68.78
Lydia,Robbins,77.0
Janet,Greene,71.59
Betty,Foreman,63.75
Allison,Howard,97.52
Craig,Wright,65.32
Shannon,Long,81.26
Edna,Robison,75.31
Joy,Sparks,65.95
Tara,Smith,69.22
Alan,Palacio,86.11
Marcus,Sylvestre,65.65
Juanita,Martinez,77.69
John,Adamson,63.07
Roy,Davis,83.45
Anthony,Alexander,100.06
Debra,Sweeney,72.76
Jackie,Vanderlip,87.07
Eloise,Larve,86.85
Dana,Yamada,85.43
Francis,Robertson,68.6
Amber,Main,83.58
Maria,Rauh,88.25
Larry,Fiala,65.54
Wayne,Crawford,62.36
Anthony,Anderson,86.95
Robert,Kenney,71.1
David,Swoager,81.53
James,Larson,85.52
Beth,Garcia,78.81
Jonathan,Adkinson,86.04
Amanda,Clark,82.37
Evelyn,Splatt,81.78
Sydney,Saavedra,76.36
John,Browne,87.33
Oscar,Baker,78.59
Judith,Eck,72.62
Angel,Gulley,76.26
Elizabeth,Ashton,73.08
Edith,Pingrey,90.66
Travis,Mcdonald,73.4
Mary,Grossen,61.8
Patricia,Jasso,64.38
Mark,Boblitt,93.57
Jamie,Pena,61.56
Lydia,King,79.99
Jerry,Singleton,87.36
Laura,Anaya,69.58
April,Dematteo,74.74
Anthony,Gleason,81.83
Charles,Lewis,83.87
Tommy,Stansel,101.35
Michael,Jackson,99.89
Kay,White,72.3
Eva,Burnett,73.0
Janet,Denison,76.54
Corey,Jennette,78.04
Hazel,Shell,87.51
Christopher,Lumpkins,79.87
Frances,Metcalf,78.41
Doris,Crowell,70.59
Pauline,Williams,83.69
Glynda,Pare,67.26
Jolene,Hodges,71.5
Doris,Kang,73.16
Magaly,Naef,80.0
Jessica,Duran,63.24
Porsche,Dostie,80.49
Linda,Leech,66.96
Dale,Beatty,65.18
Allison,Beall,84.19
Wallace,Rickett,69.43
Dawn,Morales,82.29
Sofia,Hunt,86.22
Mark,Weinberg,71.29
Donald,Seiber,88.44
Annetta,Nobles,73.1
Terra,Brick,69.98
Peter,Morse,88.15
Cheryl,Moore,81.85
Jeannette,Rose,91.8
Bart,Pope,80.36
Dolores,Mclane,62.48
Jaime,Beattie,70.99
Betty,Garcia,85.69
Reid,James,69.38
Robert,Waldron,83.96
Fran,Saba,73.57
Desmond,Clouse,69.34
Robert,Sweeny,75.27
Raul,Gomez,69.73
Marita,Cuevas,87.24
Gordon,Blenman,74.38
John,Hunt,85.25
Nolan,Davison,74.36
Stephen,Gonzales,78.8
Kelly,Wilson,79.73
Ashley,Kime,74.75
Chris,Preston,69.56
Christina,Wright,72.96
Margaret,Grant,77.92
Brian,Mclennan,76.61
Walter,Bowen,80.47
Beverly,Leduc,77.03
Darlene,Redman,72.15
Michelle,Whicker,66.23
Mary,Hunt,67.43
Maurice,Houston,82.67
Josephine,Alston,80.86
Barbara,Torres,62.35
James,Vick,80.47
Robert,Larson,73.27
Theresa,Berglund,76.38
Rudy,Gural,85.83
Margie,Jackson,74.18
Harold,Brown,100.28
Muriel,Gonzalez,74.81
Monte,Gilbert,77.82
Arlene,Pomerleau,74.28
Bobbie,Hodges,78.7
Eldon,Foster,76.84
Ashley,Tucker,62.14
Maria,Means,80.78
Samantha,Mattlin,68.08
Thomas,Madsen,71.32
Jennie,Barton,82.17
John,Rogers,63.04
Francis,Simpson,76.69
Shaun,Keehn,70.45
Margarita,Espino,73.68
Chad,Friedman,84.08
Pablo,Bolden,82.91
Larry,Stark,78.68
Laura,Oliver,80.6
William,Walz,81.62
Warren,Knudsen,80.82
Carmen,Drummond,72.47
Kenneth,Ankenman,82.42
Michelle,Sloan,77.54
Kenya,Knowles,95.28
John,Cooper,84.66
Imogene,Jones,67.81
Jason,Baker,81.88
Robert,Martin,79.14
Clara,Nelson,68.26
Robert,Holmes,76.44
Robert,Ludwig,62.18
Thomas,Shell,71.99
William,Breland,91.98
Juan,Vasquez,77.71
Yevette,Ybanez,56.21
Toni,Junkin,70.75
Joseph,Ellington,79.34
Larry,Price,71.58
Deborah,Muske,82.27
James,Elerson,70.43
Carmen,Chidester,81.46
Matthew,Hall,78.37
Duane,Sheffield,82.34
Dale,Andrade,79.07
Kenneth,Tada,86.49
Ella,Yang,78.66
John,Hinton,80.04
Marguerite,Rodriguez,69.58
Jeff,Self,81.75
Bernice,Stanton,69.22
Jeremy,Higgs,85.44
John,Shaw,86.81
Alfonso,Comfort,76.13
Jan,Ellingson,90.67
Christopher,Dunbar,69.63
Bill,Jones,81.07
Haywood,Erebia,66.29
Deirdre,Mchenry,79.02
Linda,Hernandez,76.52
Amanda,Ortega,75.1
Coretta,Edwards,86.07
Rosalie,Stephenson,78.97
Sara,Covell,62.82
Debra,Garner,84.75
Cecelia,Henderson,75.53
Tommy,Malinoski,85.63
Carlos,Bullard,82.77
Theresa,Barton,68.75
Colleen,Gallo,83.71
William,Walke,63.11
Kenton,Pimenta,76.4
Josefa,Pridgen,70.85
John,Daughtridge,74.22
James,Robinson,77.91
Mary,Shealy,91.28
Michelle,Wong,71.31
Maxine,Lundy,62.04
Catherine,Patton,79.64
David,Carpenter,72.42
Pauline,Stoviak,79.47
Ralph,Canon,76.59
Mabel,Russo,67.63
Edris,Reyes,81.85
Brittany,Bouleris,77.84
Lawrence,Simpson,97.12
James,Sokol,71.78
Dong,Riordan,92.78
Loretta,Caskey,64.16
Linda,Alberding,72.7
Barbara,Raybon,90.48
Shirley,Wright,78.91
Annette,Parker,87.68
Crystal,Ramesh,68.12
Audrey,Nolan,78.33
Larry,Blair,78.57
Kevin,Diaz,77.4
Eleanor,Keys,73.88
Lisette,Mount,81.53
Debra,Pena,95.28
Walter,Valle,84.54
Barbara,Dyer,95.75
Geraldine,Millay,76.81
Helen,Johnson,79.52
Dwight,Cleare,79.79
Gina,Gould,71.23
John,Walton,80.81
Marty,Williams,71.05
Todd,Maria,78.78
Harley,Melendez,77.99
Randy,Jacobson,68.29
Sherilyn,Maddox,84.46
Alvera,Osborne,84.99
David,Shrader,75.32
William,Gill,72.88
Bobbi,Hook,78.25
Melissa,Garza,78.14
David,Davis,78.11
Cleo,Marsh,74.5
Luis,Williams,96.14
James,Coberly,75.09
Brenda,Darrigo,71.74
Richard,Darrigo,80.92
Carol,Finney,78.66
Misty,Randall,82.59
Richard,Thornhill,87.16
Richard,Guzman,84.42
Bridgett,Gutierrez,81.13
Suzanne,Wilcox,82.91
Elmer,Stoddard,84.29
Jacqueline,Alvarez,81.88
Ronald,Trevino,76.7
Leona,Fowler,83.59
Raymond,Lopez,83.32
David,Mueller,78.11
Antonio,Winters,77.65
Raymond,Schlegel,74.85
Lois,Buendia,63.8
Marc,Wilson,79.66
Maria,Piper,68.91
Howard,Torres,88.97
Pauline,Pierce,83.14
Beatriz,Sieberg,69.71
Elizabeth,Buchanan,81.08
Charles,Sherry,71.51
Patricia,Norris,70.49
Lewis,Kinsey,78.58
Larry,Henderson,78.25
Darrel,Allen,73.27
Wade,Jurasek,74.71
Kathryn,Peterson,89.75
Lisa,Silveira,74.7
Donna,Denson,79.73
Heidi,Novak,87.76
Tania,Tyree,82.37
Kayla,Corbeil,77.68
William,Hardin,83.13
Jeremy,Lucas,94.0
Amber,Chute,70.02
Rose,Newman,79.86
Omar,Garcia,91.54
Mark,Brown,61.99
Daniel,Stubblefield,92.61
Alfred,Gimenez,72.32
Harold,Laprade,70.64
Edwin,Davis,66.81
Beatrice,Gaarder,56.42
Donna,Chapin,79.88
Ivan,Nelson,73.88
Barbara,Sills,83.44
Patricia,Cortez,93.15
Lisa,Mccabe,81.33
Peter,Thompson,82.65
Lois,Nowlin,87.21
Jeffrey,Roman,60.39
Lana,Patter,74.07
Edna,Laney,86.07
Robyn,Wilcox,85.67
Louise,Cox,63.25
Katherine,Thorpe,74.89
Kenneth,Smart,82.88
Teresa,Torres,72.62
Mathew,Dantzler,86.22
Mildred,Kachermeyer,71.76
Clarence,Schmitz,82.48
Mary,Campbell,79.96
Lavenia,Rivers,74.47
Kenneth,Story,89.6
Robert,Reese,71.84
Jose,Dunn,82.63
Julia,Sutherland,75.4
David,Greer,51.01
Roger,Eshelman,64.78
Jennifer,Olivarez,81.7
Norman,White,70.61
Steven,Flores,65.95
Joseph,Pogue,73.91
James,Dickey,68.02
Janice,Taylor,93.5
Frances,Munoz,85.62
Donald,Cullen,71.53
Shannon,Dillinger,73.95
Norman,Mcminn,78.75
Reynaldo,Rodriguez,68.28
Franklin,Graham,85.52
Mary,Coy,88.77
Adam,Minelli,89.09
Monica,Rzeczycki,67.18
Joan,Morales,53.85
John,Jackson,79.53
Allen,Mills,65.54
William,Beach,78.1
Jonathan,Gandara,64.49
Michael,Rooney,73.96
James,Williams,72.97
Thomas,Mceuen,75.74
David,Wiseman,82.8
Vera,Vanburen,68.48
Scott,Jacob,84.6
Gertrude,Furbee,78.47
Raleigh,Jones,77.9
Shirley,Stivers,69.39
Emmett,Dudley,79.4
Jeffrey,Miller,86.02
Scot,Lane,59.97
Gail,Martin,82.87
Lori,Rose,67.21
David,Reed,79.53
Joseph,Nelson,75.6
Scott,Tillman,85.1
Patricia,Connaughton,65.28
Michelle,Cline,66.26
Kevin,Stevens,77.6
Katherine,Bryant,76.93
Manuel,Oshiro,84.43
Robert,Miller,83.84
Juan,Biffle,86.73
James,Green,68.33
Harold,Lamothe,68.8
Joann,Treece,79.74
Enrique,Arellano,67.75
Linda,Martinez,81.33
Sara,Layden,76.59
Curtis,Edwards,72.59
Colin,Watts,84.95
Jonathan,Reed,85.17
Roy,Kimme,76.07
Renee,Olson,70.92
Donna,Hooten,85.24
Delbert,Dengler,74.52
Mike,Brown,80.82
Stanley,Woods,80.66
Robin,Lovern,82.47
Ashley,Pingrey,74.26
Alicia,Holloway,88.79
Daniel,Lamke,77.9
David,Evans,77.23
Kristen,Logan,85.75
Warren,Big,67.25
Floyd,Powell,77.54
Mary,Lowe,85.62
Dorothy,Garrett,74.27
Silvia,Rexroad,77.46
Deeann,Cole,63.26
Eddie,Pepe,71.58
Bertha,Taylor,88.72
Ashley,Anderson,86.35
Deanna,Plaut,78.31
Jason,Roman,68.08
Elsie,Rufino,70.22
Jenifer,Watts,81.2
Daniel,Bieker,74.93
Olivia,Veasey,69.58
David,Monarez,87.48
Raymond,Robertson,90.6
Richard,Crowder,79.6
Julie,Smith,72.19
Ronald,Arend,96.12
James,Tabor,59.91
Dianne,Whitely,75.38
Glenn,Eason,84.18
Celia,Kanish,60.85
Donna,Santana,72.64
Kathy,Thomas,82.51
Susan,Dowdy,74.48
Brent,Villarreal,73.39
David,Richards,88.65
Kelly,Diaz,84.34
Tiffany,Anderson,74.32
Maynard,Llewellyn,80.19
Kristal,Norman,67.31
Constance,Williams,66.87
Geneva,Covington,86.35
Hazel,Marin,53.83
Marianne,Hagan,72.4
Juan,Harvey,87.67
Joe,Chambers,89.62
Kecia,Trevino,67.56
Beverly,Thomas,63.28
Sally,Williamson,88.43
Mary,Burris,78.6
Tracy,Gardner,86.84
Harrison,Daniels,79.35
Sarah,Arredondo,62.9
Suzanne,Ferguson,89.1
Pat,Noel,83.96
Maybelle,Sailors,74.44
Brandon,Umanzor,74.05
Karen,Huey,71.2
Mary,Gorby,90.02
Diana,Quarles,77.41
Amber,Vinson,91.27
Patricia,Nickerson,79.22
Diana,Hursey,66.38
Alfred,Marshall,90.19
Charles,Shea,70.66
Bernice,Gibbs,67.43
Staci,Winkelman,95.47
Doris,Drake,76.72
Lee,Santos,75.12
Ken,Sawicki,68.54
Linda,Lee,74.35
Jimmie,Baldwin,92.82
Jessie,Arwood,74.06
Peter,Gray,72.91
Kelly,Salls,84.95
Willie,Cusumano,73.86
Mary,Yarborough,74.84
Tenesha,Strei,66.08
Susan,Lavin,85.02
Gwendolyn,Moore,88.75
Marcus,Davis,69.66
Raymond,Nabzdyk,67.75
Harold,Sheridan,84.08
Jerald,Figueroa,74.48
Sophia,Gagne,88.82
Virginia,Jordan,74.83
Glenda,Collins,76.12
Adrienne,Brown,87.38
Leonard,Wirth,79.38
Matthew,Ratcliff,64.04
Eugene,White,75.24
Mary,Hodge,65.83
Shu,Howell,75.27
Byron,Blodgett,69.99
Catina,Bloxom,79.9
Gina,Mier,77.5
Amanda,Clark,78.56
Ann,Wu,78.96
Paul,Clemmer,77.46
Kimberly,Cross,78.64
Kathy,Vajgrt,83.09
Mandy,Vargas,79.57
Meghan,Stewart,83.57
Diann,Elias,83.23
Tiffani,Taylor,78.84
Milton,Derrigo,72.06
Ann,Green,64.12
Vickie,Mcneil,70.68
Molly,Cecil,89.29
Lillian,Calabrese,89.68
Joseph,Ruiz,76.33
Thomas,Robinson,87.81
Nathaniel,Frontz,73.32
Megan,Foster,77.01
Carlos,Heard,70.3
Mark,Burrell,74.77
Anthony,Harris,60.57
Bonita,Kaufman,79.94
Patricia,Jacobs,90.0
Beverly,Elrod,75.21
Ernest,Matherne,76.59
Floyd,Johnson,77.28
Audra,Melo,70.71
Kevin,Johnson,78.22
Walter,Knapp,77.12
Rosie,Jovich,82.64
Gene,Storrs,86.39
William,Smith,85.62
Tiffany,Ferguson,77.68
Clinton,Yang,64.03
Donald,Gonzales,70.3
Arthur,Ranta,72.55
Dale,Knisley,88.84
Lester,Mccrory,78.3
Monique,Sudderth,63.55
Muriel,Brann,81.7
Alba,Davis,85.17
Nguyet,Burke,91.04
Gertrude,Grenier,75.49
Tricia,Tompkins,75.9
Karlene,Rine,85.44
Thomas,Gallardo,64.31
Erika,Cunningham,80.55
Anthony,Carter,80.61
Jason,Licata,74.05
Logan,Merrick,89.38
Ashley,Mallia,86.21
Mary,Curb,66.52
Joshua,Smit,75.43
Ruby,Croyle,80.84
Scott,Urreta,73.6
Melissa,Dedic,70.55
Paul,Gray,87.2
Micah,Morrical,78.22
Joann,Bonneville,75.6
Marjorie,Watson,88.78
Travis,Kobayashi,86.26
Lorenzo,Patry,77.94
Sharon,Carter,60.11
John,Mayette,75.25
Joseph,Mathews,71.05
Ismael,Villanueva,85.98
Veronica,Hazel,81.32
George,Bessey,73.47
Charles,Duncan,81.05
James,Crowell,93.13
Pamela,Hickson,66.39
Elizabeth,Buckner,89.44
Heath,Reynolds,89.5
Tony,Dean,81.63
Greta,Brock,74.8
Pia,Gayle,82.1
Katherine,Bauer,73.64
Kevin,Jackson,86.23
Edward,Acosta,67.86
Michael,Talley,82.39
Raymond,Falcone,65.08
Randall,Pennell,72.95
Betty,Pilgrim,79.35
Iris,Queen,81.5
Edward,Chumley,75.85
Steven,Crenshaw,72.54
Jeremy,Warren,72.32
Johnny,Braun,84.2
Victor,Alvez,92.63
Robert,Bernardo,64.49
Antoinette,Boles,80.63
Russell,Hagens,62.44
Mitzi,Murphy,67.51
Donald,Porter,83.73
Donna,Mccrory,69.39
William,Davis,66.04
Jeffrey,Collinsworth,72.3
Kirsten,Cox,88.79
Arthur,Hollifield,83.04
Everett,Johnson,73.57
Linda,Pantoja,63.98
Jean,Templin,78.52
Veronica,Mcclaine,73.83
Randy,Skinner,79.56
Jessica,Carter,88.95
Patricia,Watters,83.92
Lee,Goodell,73.53
Ruth,Beaman,77.82
Thelma,Nelson,77.01
Victor,Duncan,80.84
Frances,Lucio,79.14
Charles,Sparks,73.81
Oscar,Buttaro,67.73
Jacquelyn,Ross,89.04
Jeffery,Jones,72.31
Anna,Fletcher,86.78
Robbin,Day,89.64
Lester,Gregg,72.57
Myra,Patillo,83.98
Rosalia,Riner,93.48
Carl,Sargent,76.14
Silvana,Berg,76.55
Tina,Mcconnell,66.13
Rosie,Arreola,86.15
Molly,Keys,76.23
Meta,Cuellar,89.46
Michael,Altman,87.3
Nellie,Fitzgerald,78.57
Richard,Robey,81.44
Robert,Davis,73.17
Angelique,Armstrong,68.54
Benita,Collum,79.89
Ryan,Firestine,76.92
Lilly,Johnson,79.67
Bruce,Martin,89.27
Evelyn,Kissinger,65.04
Linda,Bravo,77.56
Ruth,Melcher,87.47
Jonathan,Stark,70.96
Leroy,Goldsmith,64.72
Rebecca,Ryan,75.36
Scott,Kilker,71.48
Elena,Mccane,78.38
Mark,Noble,66.77
William,Rodriguez,90.7
Elvia,Provine,69.37
Melanie,Khauv,85.87
Kristen,Beck,86.24
Andrea,Mcquade,86.65
Roy,Alfaro,81.36
Russell,Hesse,65.5
Francisco,Tejeda,73.39
Deborah,Dorich,85.13
Charlie,Kelley,75.91
Elaine,Peterson,81.8
Bradley,Jimenez,63.68
Robert,Cleary,59.59
Marjorie,Jackson,69.74
Bob,Dye,101.28
Don,Hernandez,68.61
Vivian,Ali,75.93
Ricky,Sanders,74.29
William,Hansen,85.62
Joan,Pollard,72.24
Celeste,Owen,69.81
Deborah,Mix,95.15
Tasha,Garner,93.31
Leonard,Masin,72.39
Virginia,Furrer,77.11
Grover,King,65.78
Todd,Pena,82.82
Maurice,Kranz,80.76
Cheryl,Ringler,77.13
Michael,Purifoy,69.42
Clifford,Etheridge,87.31
Carlton,Reed,76.26
Mary,Defreitas,87.32
Charles,Turpin,72.03
Nora,Forand,87.95
Felisa,Janczewski,71.06
Jerry,Bolinger,85.05
Kamilah,Motley,79.55
Joshua,Simpson,68.34
Ramon,Gabel,72.38
Anna,Valdez,85.42
Rita,Smith,80.27
Bradley,Degreenia,79.32
Mary,Sharum,68.82
Manuel,Garcia,68.59
Daniel,Jackson,75.51
Stephen,Jackson,88.52
Robert,Peavler,83.0
Joseph,Kriser,74.08
Joe,Cendejas,82.57
Angela,Nwachukwu,82.0
Jay,Mcroberts,81.58
James,James,82.79
Colleen,Cunningham,89.33
John,Holmes,87.53
Brian,Evans,81.48
Charles,Wolery,80.91
Jenny,Shirley,81.77
Reina,Dus,65.18
Jennifer,Sandoval,73.17
Edward,Crocker,89.07
Tamra,Bolan,85.57
Mario,Myers,87.92
Helen,Staley,71.65
Billie,Lane,59.57
Steve,Dozier,67.37
Leann,Larson,76.28
Brian,Palmer,68.5
Janice,Etkin,69.39
Bobby,Baldwin,60.2
Cassandra,Brashear,78.11
Isaac,Willoughby,77.33
Joann,Sloat,80.16
Brian,Johnston,68.69
Travis,Hartzog,67.71
Nancy,Fugate,68.57
Maria,Agrela,75.23
Tabitha,Eichhorn,83.49
Roberta,Todd,78.96
Terri,Baccus,91.79
Brenda,Thomas,71.32
Paul,Shurtleff,75.6
Richard,Martinez,78.37
Edith,Hanson,89.2
Richard,Alvarez,95.54
Jimmy,Chiariello,61.86
Ricardo,Payeur,87.21
Camille,Warrior,93.53
Charles,Bouyer,84.09
Edna,Furtado,63.4
Fannie,May,84.31
Stanley,Allen,87.41
Eric,Semple,81.76
William,Thompson,78.04
Paul,Hopf,82.09
Wanda,Flores,78.62
Ronald,Bender,79.99
Audrey,Watson,69.43
Emily,Locke,93.49
Gloria,Richardson,80.87
Adam,Hayes,77.71
Lonnie,Myers,65.89
Jeffrey,Hadley,83.42
Kenneth,Davidson,83.49
Chase,Porter,73.93
Juana,Frahm,66.0
Teresa,Womack,75.31
Janice,Costa,72.06
Gregory,Boltz,77.58
Ina,Mace,81.88
Jeanine,Franklin,69.99
Robert,Martinez,75.09
Larry,Patel,76.3
Allen,Loos,85.7
George,Williams,73.43
Rebecca,Kreiman,90.26
Geoffrey,Bush,68.73
Joseph,Condict,85.39
Phillip,Corpus,77.5
Debra,Ruffin,95.06
Laura,Gilbert,84.3
Doris,Caldwell,76.73
Marquis,Childress,79.01
William,Moore,98.46
Matthew,Turner,71.04
Elsie,Harris,79.37
Jimmy,Zych,84.87
Steven,Amato,86.07
Juanita,Federico,84.23
George,Berry,77.36
Kimberley,Botner,79.81
Thomas,Grubb,65.99
John,Schroeter,74.21
Shawna,Brush,81.14
Latonya,Gonzalez,77.94
Tracy,Brown,80.34
Debra,Lemire,86.09
Ruth,Jones,76.51
Ethel,Stegall,86.05
Kim,Hudek,71.09
Shirley,Portis,85.16
Gary,Miller,77.34
Fannie,Broker,85.36
Lisa,Haffling,68.88
Rebecca,Bruni,81.99
Brenda,Wotring,88.38
James,Chandler,62.78
Susan,Suttle,78.2
Sue,Campbell,76.72
Bryan,Greene,78.56
Nena,Groce,73.52
David,Lamon,86.16
John,Roberts,77.64
Louise,Broadwell,81.78
Steve,Davis,70.52
Kevin,Phelps,73.69
Daniel,Chiesa,75.94
Fred,King,90.6
Ruth,Ray,79.46
Alejandro,Do,77.0
Chantel,Howard,79.0
Daryl,Whitney,73.08
Gisele,Hoyt,76.41
Edward,Burns,79.94
Claude,Martinez,80.17
Robert,Brown,87.66
Tiffany,Vera,84.75
Ronald,Gaska,81.65
Faye,Dudley,77.83
Tamara,Rogers,67.05
Gloria,Cardi,78.15
Marcus,Mirsky,93.04
David,Pastor,76.21
Anjanette,Sweney,83.66
Joanne,Archer,71.25
Regina,Pyle,76.25
Hans,Stark,87.11
Alba,Bodak,79.85
Robert,Culver,88.89
Lisa,Hartman,72.5
Cleo,Fugate,74.38
Dorian,Johnson,86.87
Tosha,Mason,83.21
Ester,Horton,95.31
Jason,Mueller,86.31
Mike,Paddock,81.43
Claire,Castellucci,83.23
Mary,Wiseman,85.63
Thomas,Lee,75.44
Bobby,Brown,87.56
Rosella,Dillon,84.8
Chris,Blalock,79.05
Lavina,Fisher,73.8
Rodolfo,Sampson,74.51
Susan,Peters,67.98
Michele,Weber,79.23
Bessie,Harris,72.14
Thomas,Broome,72.84
Katie,Oguin,87.88
Dolores,Good,82.81
Josephine,Martinez,76.49
Chris,Smith,60.6
James,Hand,90.38
Barbara,Brown,91.2
Ross,Orellana,79.61
Thomas,Fletcher,82.64
Ryan,Chandler,85.66
Kenneth,Woods,85.69
Eugene,Clark,59.43
John,Love,71.76
Jennifer,Iglesias,60.85
Pete,Koetje,75.63
Lorraine,Baker,86.29
James,Bane,71.22
Edna,Goldstein,69.86
Sarah,Hodgson,77.43
Jim,Martucci,82.5
Dana,Wiegand,79.39
Rodney,Nowlin,73.64
Janine,Huisenga,67.55
Gwendolyn,Thomas,79.43
Lisa,Meek,78.79
Edith,Gamino,77.14
Linda,Adams,81.11
Judy,Bryant,86.33
Gail,Still,80.98
Gilda,Dates,97.31
Corina,Hudson,81.22
Patrick,Laney,77.67
Melinda,Strickland,82.62
Michael,Herrera,72.4
Ed,Vong,74.29
Darin,Rodriguez,71.19
Jonathan,Hernandez,89.64
John,Boothe,67.83
Alisha,Browning,68.1
Sheryl,Johnson,77.2
Rodger,Schuett,88.61
Tennille,Davis,64.56
Gladys,Keeton,84.95
David,Nanney,72.7
Blake,Gonzalez,92.06
Martin,Higman,75.53
Louis,Weiss,77.98
Jeffery,Knight,72.74
Elizabeth,Meyerhofer,71.06
Grace,Barry,82.02
Neil,Thompson,78.59
Bill,Oge,77.92
Perry,Negrete,99.34
Blanca,Hodge,71.57
David,True,81.15
Vivian,Washburn,84.88
Larry,Martinez,91.03
Cary,Gage,88.61
Betty,Godines,72.38
Perry,Swanson,81.27
Albert,Beaudry,58.39
Mason,Christmas,86.13
James,Woodard,77.2
Mary,Harris,85.8
Joe,Stevens,79.76
Stephen,Canelo,79.53
Mary,Johnson,68.69
Bill,Gray,77.75
George,Baldwin,70.91
Stephanie,Shields,80.93
Dorothy,Leigh,73.67
Robert,Kaiser,65.17
Cornell,Scherer,81.77
Eddie,Remillard,81.04
Ty,Covert,91.54
William,Jones,81.28
Mary,Fullenkamp,79.96
Chad,Schorr,87.81
Gloria,Jennings,51.8
Marjorie,Lazewski,91.08
Helen,Fisher,77.67
Lilly,Jones,68.9
Eleanore,Savoy,92.21
John,Cassidy,80.24
April,Latta,78.72
Yolanda,Keith,92.69
David,Reinhart,73.64
Johnna,Jensen,89.04
Joanne,Laduke,70.15
Michael,Stoviak,82.22
Wilma,Thomas,81.63
Teresa,Robertson,73.11
Anne,Wolff,74.15
Pauline,Ramirez,95.71
Justin,Melby,80.29
Alisa,Estes,75.42
Altagracia,Torrez,57.36
Kathryn,Berg,86.17
Patrick,Benenati,81.75
Peggy,Tillman,96.13
Roberta,Noguera,83.48
Daniel,Eggert,87.49
Kim,Liotta,63.6
Anna,Edwards,84.69
Joseph,Hubbard,81.57
Kathleen,Mcdowell,89.18
Christopher,Tippens,81.32
Patricia,Comeau,82.89
Kevin,Gonzales,75.88
Mona,Smith,82.12
Timothy,Parker,69.86
Steven,Carmley,67.26
Donald,Adam,80.5
Tamika,Cole,90.91
Edward,Heard,74.86
Cynthia,Brunelle,67.95
Sidney,Woodson,67.67
Barbara,Burns,94.42
Leroy,Mcdonald,74.17
Vincent,Thompson,73.82
Arthur,Belisle,72.08
Melissa,Kloepper,76.1
Shirley,Duggan,81.95
Ralph,Prince,98.4
Adam,Minor,79.92
Jamal,Becker,85.77
Ann,Hansen,83.43
Rose,Barksdale,82.88
Lee,Kerr,79.57
Donald,Boggio,69.33
Tim,Guevara,85.83
Susan,Shepard,66.69
Dennis,Grigsby,94.88
Erika,Hailey,64.69
Gary,Hubbard,59.7
Martin,Long,69.43
Jason,Rainwater,65.94
Curtis,Cray,70.54
Steven,Farnan,77.77
Kimberly,Kline,86.26
David,Russel,91.36
Betty,Willis,66.27
Debra,Patterson,81.5
George,Dube,78.82
Alexander,Murphy,75.86
Timothy,Alfano,75.48
Paulina,Flores,89.9
George,Pescatore,62.77
Erik,Hoag,79.71
Cristen,Kilpatrick,78.2
Arthur,Conley,79.73
Curtis,Herrera,92.52
Jose,Brown,79.41
Marcus,Lyons,78.65
Mary,Todd,67.23
Stephanie,Novetsky,88.37
Crystal,Miele,55.78
Jose,Tyson,70.32
Julia,Johnson,86.11
Vernon,Shafer,75.09
Gladys,Lacher,72.22
James,Singleton,97.9
Alexander,Vogler,74.42
Cynthia,Lyon,68.81
Charles,Hess,69.02
Kristina,Peachey,75.07
George,Lyster,71.11
John,Webster,84.94
Calvin,Bartkowski,74.1
Leta,Marotta,65.1
Gregory,Masri,74.57
Vera,Payne,87.19
Christopher,Wills,78.83
Jacquelyn,Hamilton,87.98
Jordan,Gonzalis,82.87
Bonnie,Unch,89.89
Kenneth,Dawkins,76.82
Marlene,Fuhr,75.37
Judith,Smith,81.87
David,Benoit,74.56
Margaret,Wojcik,70.76
Marvin,Ladner,88.12
Janna,Brownlee,91.36
Marilyn,Atkins,79.24
Connie,Duteau,68.28
Ronald,Gentry,85.06
Elva,Roy,72.25
Reba,Andres,75.72
Joyce,Lavallee,69.63
Dawn,Zadow,86.93
Margaret,Lamison,79.28
Edmund,Rich,54.47
Dale,Limon,75.62
Felicia,Cook,86.71
Eric,Patterson,80.82
Galen,Barboza,86.62
John,Alcazar,78.14
Mandy,Gauthier,73.38
Kimberly,Honkanen,71.57
Linda,Jones,70.66
Jadwiga,Stickley,72.96
Bobby,Pritchard,80.86
Jeffrey,Brown,82.33
George,Vargas,92.15
James,Samson,71.56
Arthur,Perez,84.02
Curtis,Miller,89.64
Phyllis,Hildebrand,73.03
Wanda,Dodge,68.47
Larry,Mcclary,87.91
Andy,Morales,78.07
James,Rutledge,68.85
Kenneth,Barnett,63.83
Jerry,Lopez,71.79
Jenice,Sisco,80.89
Vincent,Glud,80.64
Jennifer,Lariviere,90.7
Christina,Cornwell,69.37
Jeffrey,Huntley,73.69
Patricia,Ammons,58.24
Dino,Dalessio,63.61
Ronald,Whitehair,85.7
Crystal,Heilmann,81.76
Mark,Balson,78.12
Nickolas,Bowman,89.75
Robert,Schenck,88.9
Faith,Theil,73.15
Laura,Williams,80.86
Dorothy,Waldon,75.44
Jane,Siddall,82.97
Edward,Storck,76.82
Denise,Marshall,72.24
Jeremy,Jordon,83.13
Margot,Stegall,89.63
Maxine,Rae,81.2
Kristie,Lloyd,86.82
Alexis,Kennedy,65.72
Edward,Davis,76.51
Jesus,Philhower,76.11
Monte,Dabney,78.92
Amelia,Degidio,67.58
Janet,Bradby,69.71
Dorothy,Brown,86.26
Mark,Loeffler,60.77
Joe,Christie,86.94
Leland,Murray,78.94
Sergio,Fletcher,87.46
David,Atkinson,73.67
Dana,Meadows,71.18
Larry,Smith,77.81
Patricia,Coon,79.52
Emma,Robinson,95.62
Monique,Schuman,89.32
Adam,Klein,91.96
Lenora,Darland,79.02
Spencer,James,74.74
Patricia,Thompson,67.15
Jennifer,Magrath,75.2
Lynne,Akins,85.05
William,Black,67.82
Irene,Baker,78.26
Andrew,Fernandez,70.31
Adam,Christopher,73.76
Suzanne,Hecht,63.16
Robert,Collins,70.54
Loretta,Blockmon,80.87
Annie,Katz,82.07
Vera,Bruce,72.36
Ronnie,Bethea,81.34
Rafaela,Dryer,95.0
Charlotte,Villatora,70.84
Edward,Leymeister,75.29
Roseann,Dunham,85.35
Ashley,Corbin,77.58
Tim,Staley,84.89
Lisa,Helton,70.59
Lottie,Moulton,71.76
Sean,Young,91.78
Jessica,Burgess,87.94
Ronald,Scranton,77.42
Frances,Leonard,79.28
Nell,Molina,87.6
George,Taylor,65.1
Scotty,Alexis,80.19
Dawn,Li,82.13
Angela,Goodwin,75.53
Rolando,Mackerl,73.43
Michael,Gracia,93.93
Ruby,Arndt,95.92
Tim,Ausdemore,77.47
John,Odonnell,77.32
Oscar,Bess,71.87
Diane,Lewis,78.23
George,Terrill,92.24
Brandy,Kilgore,82.33
Zoila,Jones,79.79
Clarence,Haskins,89.48
Maribel,Valdez,82.23
Elizabeth,Rubinson,96.65
Nancy,Strate,86.84
Wanda,Mance,75.48
Michael,Trombetta,87.81
Brittany,Duran,64.63
Jill,Barrios,90.49
Frederick,Holmes,83.72
Lauren,Nardi,71.89
Ronda,Hundley,76.93
Gregory,Winchester,69.93
Randy,Vann,82.57
Edward,Holderfield,58.55
Man,Slade,89.77
Emily,Mikel,86.0
Dominique,Rogers,76.56
Gary,Whittington,76.5
Malissa,White,71.62
Frank,Fischer,68.27
Trudy,Arnold,81.01
Johnny,Smith,78.86
Gary,Volz,76.75
Esperanza,Kalb,77.86
John,Welch,73.36
Christopher,Hyatt,78.37
Patricia,Shelley,79.95
Michael,Lampron,87.7
John,Mrowka,96.83
Juanita,Grier,73.72
Jonathon,Trollinger,81.78
Judith,Vigil,79.54
Emma,Mccarthy,81.89
Pearl,Walker,79.63
Deborah,Morley,74.68
Barbara,Wilbon,82.07
Josefine,Galban,89.23
Laurie,Salles,75.81
Oscar,Martich,76.79
James,Kinnan,75.11
Rhonda,Lewis,73.91
Terri,Schroder,70.28
Martha,Reynolds,88.07
Gwendolyn,Huizenga,74.13
Diane,Ross,72.65
Johnny,Chou,90.8
Ruby,Bushovisky,84.54
Nick,Walker,67.21
Laura,Walker,81.31
Patsy,Martin,74.38
Rosario,Dix,75.2
Opal,Ashland,80.55
Steven,Guess,65.92
Willie,Drane,78.73
Tiffany,Fratus,80.8
Lela,Dighton,74.77
Clara,Amundsen,82.51
Robin,Landis,80.5
Antoine,Greene,70.59
Eric,Hickey,66.24
Jennifer,Figueroa,78.54
Joseph,Hamer,81.74
Mark,Mckinley,73.63
Harry,Howard,76.07
Charles,Cothran,84.43
James,Mcghee,76.55
Russell,Gibby,83.27
Chris,Ortiz,82.67
William,Oakley,74.66
Rhonda,Quinn,78.26
Elena,Flecha,87.02
Michael,Richardson,78.87
Jerry,Miller,70.97
Stacy,Warhurst,74.91
Ronald,Delossantos,68.84
Nellie,Clarke,83.99
Tori,Guerrero,75.77
Susan,Atkinson,68.68
William,Keith,83.47
Susan,Mayfield,87.36
Jason,Tefera,68.4
Brett,Augeri,65.65
William,Chaney,82.99
William,Smith,84.45
Maria,Robles,90.16
Betty,Zabala,81.57
John,Folsom,76.18
Carol,Aaron,71.92
Harry,Crockwell,78.17
Sean,Eld,79.74
Benjamin,Dunn,69.76
Gene,Clayton,81.45
Cari,Lyon,79.83
Robert,Petit,67.7
Lorena,Watson,62.54
Velia,Stuart,60.54
Cecelia,Buttner,76.94
Helen,Ott,78.36
Rita,Corral,76.13
David,Frizzell,79.46
Joel,Dodge,75.65
Diane,Vincent,86.33
Jerry,Campoy,94.02
Thomas,Cohen,74.36
Nora,Rivett,75.02
Jason,Kirby,77.48
Leslie,Young,85.07
Gerald,Hemenway,83.58
Frances,Highland,76.29
Jerry,Schwartz,89.43
Gregory,Brown,73.24
Opal,Dauphin,74.93
Emma,Vencill,77.67
Donald,Novak,83.97
Ruth,Beegle,74.11
Barbara,Flores,81.33
Terry,Alfred,72.43
Herbert,Echevarria,84.48
Richard,Herrmann,69.65
Doris,Sica,95.1
Rose,Brooks,63.96
Judith,Dignan,87.6
Robert,Harland,67.7
Stephanie,Adams,69.01
Richard,Epstein,76.37
Russell,Collins,82.94
Nellie,Hernandez,88.8
Ruth,Deyo,66.95
Isabel,Ruiz,71.43
Mary,Broe,90.77
George,Whitesides,79.91
Garnet,Fox,52.14
Scott,Matthews,75.22
Mark,Ramirez,71.84
Grace,Stewart,75.83
Doyle,Ramos,68.68
Paul,Allen,94.81
Benjamin,Webb,73.78
Gladys,Forrest,80.89
Miriam,White,70.38
Richard,Kirk,74.61
Jean,Dueno,79.43
Margaret,Whitemore,75.86
Beverly,Wang,81.32
Daniel,Hall,79.4
Nellie,Mccloud,71.84
Sylvia,Pulver,67.76
Jon,Roudabush,84.52
Omar,Copstead,85.55
Leslie,Harger,66.79
Mike,Cole,74.66
Bradley,Morris,67.92
Haywood,Robertson,80.0
Miguel,Moore,80.78
Phyllis,Winks,82.38
Bradford,Park,87.09
Jack,Martell,84.2
Kelly,Ensor,82.99
Stephen,Thomas,67.65
Janet,Marion,67.23
Irma,Banner,75.36
Brooke,Willingham,86.84
Ronnie,Long,74.91
Meagan,Golding,78.32
Janice,Cowan,69.01
Donald,Maccormack,75.68
Eric,Camacho,69.86
Ernest,Collins,71.73
James,Walters,81.18
Peter,Baker,88.18
Molly,Ramirez,91.19
Peter,Hess,88.02
Judy,Morris,76.79
Allen,Rodriguez,77.52
Eugene,Chiasson,83.18
Byron,Sawyer,84.94
Jonathon,Cyrus,71.03
Beatrice,Mayfield,74.87
James,Roberts,69.54
Jennifer,Dilday,70.07
Lynette,Schultz,79.16
Marc,Watkins,83.26
John,Duey,83.58
William,Mullenbach,73.16
Walter,Provence,77.95
Tyrone,Williams,56.55
Lester,Sullivan,78.77
Todd,Smith,80.33
Willie,Rockett,91.43
Barry,Robertson,77.63
Gloria,Gilbert,78.63
Stephen,Craven,64.12
Alba,Lenton,75.18
John,Arkell,73.84
Leona,Blake,84.08
Rea,Manville,83.71
Mary,Rabil,84.71
Carolyn,Alejandro,74.98
Mary,Littlefield,90.44
John,Sands,79.4
Ralph,Similien,69.18
Jason,Williams,68.5
Brian,Lewis,75.95
Harold,Everly,78.93
Rod,Cuevas,85.9
Herschel,Ashby,77.34
John,Samuels,78.4
Lois,Guinn,83.94
Christine,Garceau,86.62
Esther,Weaver,66.9
Joseph,Muzquiz,86.0
Leonor,Bastianelli,89.45
Brittny,Lacoste,71.97
Kevin,Cowell,90.79
Mary,Stevens,83.78
Andrew,Evans,87.18
Cora,Broadway,78.68
Charles,Robinson,77.24
Emma,White,77.48
Benjamin,Golden,96.15
Tony,Mccoy,60.98
Clement,Kershaw,83.54
Sharon,Watkins,73.42
Johnnie,Malone,71.49
Lawrence,Mcclain,81.92
Randy,Gibson,67.38
Pattie,Hutchins,73.15
Carolyn,Noori,97.95
Joe,Armstrong,79.81
Vaughn,Vera,66.61
Rick,Wright,86.08
Lisa,Robison,74.6
Brenda,Boothe,91.82
Fredrick,Porter,74.79
Stephanie,Giannini,76.49
Morgan,Fasciano,77.2
Charles,Morton,71.08
Jessie,Hebrank,77.16
Stephen,Mccrae,74.8
Malcom,Taylor,83.5
Mary,Bernardo,72.74
Oscar,Ball,75.81
Susan,Phebus,78.83
Jonathan,Koprowski,67.87
William,Alpert,84.59
Joseph,Berg,79.48
Charles,Shisler,81.93
Mildred,Anderson,72.01
Phyllis,Field,83.14
Jose,Hale,88.29
Gregory,Decker,84.6
Andrea,Woolard,82.78
Paul,Gentry,90.85
Arturo,Gates,88.35
Carrie,Moore,78.86
Joan,Stout,78.65
Muriel,Holley,74.72
Rosalinda,Bailey,83.25
Jayme,Whittlesey,69.81
John,Belote,80.28
April,Frye,94.12
Paul,Figueroa,74.73
Lillian,Shipman,85.24
Sharon,Powers,79.73
Shirley,Malcolm,81.06
Franklin,Milot,77.43
John,Erickson,85.16
Lauren,Williams,81.63
Gladis,Lyons,85.31
Shira,Bell,79.42
Kim,Berringer,82.17
Clara,Hill,80.68
Bennie,Branham,80.58
Erin,Kondo,73.48
Jeff,Clark,74.82
Angie,Walsh,79.65
Mark,Mcniel,75.09
Herman,Mack,69.13
Jeremy,Brannan,55.61
John,Walz,74.6
Rose,Williams,69.22
Florine,Lawless,78.55
Damon,Merriman,86.01
Melody,Winkles,71.09
Larhonda,Griffo,69.67
Paul,Pepper,77.0
Debra,Stinson,77.03
Eric,Piedra,75.41
Lemuel,Hansing,88.73
Jorge,Walker,65.79
Annette,Akins,73.11
Margaret,Mannon,80.43
Scott,Watts,72.54
Walter,Osborne,73.05
Margaret,Mazzei,90.59
Rebecca,Friedlander,65.77
Josephine,Davis,78.11
Maria,Hudson,81.25
Michele,Kennedy,77.09
Jimmy,Headley,79.18
Christine,Mashburn,72.59
Clifford,Hipps,87.77
Anthony,Vesely,71.6
Amy,Zimmer,79.05
John,Valiente,81.76
Bert,Ku,83.23
Ernest,Ward,83.27
Nathaniel,Greer,75.55
Norman,Mcquinn,66.19
David,Calhoun,74.73
Charlotte,Bean,75.01
James,Silva,76.81
Troy,Barber,82.0
Donna,Tallent,66.36
Edward,Lowery,70.09
Jose,Leathers,73.54
Aaron,Gault,70.97
Christopher,Emmerich,86.38
Daniel,Tharp,95.84
Chelsea,Swalley,77.26
Georgia,Stiver,65.76
Mary,Rudd,77.48
Hunter,Perez,63.87
Bonnie,Greene,84.54
Lorie,Reynolds,67.87
Angie,Hollingsworth,63.96
Lila,Milewski,69.55
Caroline,Weimer,90.83
Celia,Canty,73.4
Albert,Christensen,85.01
Phillip,Godfrey,75.64
Ruby,Bodenhamer,69.88
Jordan,Ressler,74.51
Patrice,Durant,86.68
Patti,Damon,76.66
Benjamin,Cote,84.63
Sophia,Chilcott,72.31
Marian,Furr,76.16
Lori,Reed,78.93
Christopher,Montanez,79.39
Keiko,Mckenzie,77.23
Irene,Mcmahon,79.82
Hugo,Brown,73.28
Maria,Butler,76.96
Alanna,Davis,72.03
Jose,Dennis,83.31
William,Johnson,75.6
Nadine,Mayo,77.69
Patricia,Denton,79.65
James,Mcglinchey,70.34
Laura,Potter,64.05
Patricia,Roberts,73.52
Erik,Waters,89.07
Kathryn,Hughes,96.73
Greg,Meza,77.97
Marcella,Moore,79.04
James,Valdez,76.26
Alfred,Hwang,62.46
Joseph,Spencer,80.71
Lola,Bridges,85.78
Amanda,Ashcraft,65.79
Eileen,Lamborn,74.53
Travis,Clemons,76.68
Bruce,Maldanado,78.72
Patrick,Alpers,88.22
Leroy,Masom,67.13
Latonya,Montez,84.68
Stanley,Sawtelle,76.33
Brenda,Moritz,87.91
Beatrice,Malloy,80.51
Jonnie,Delaune,76.69
Daniel,Bethea,75.97
Pete,Brown,79.62
Anthony,Shook,80.28
Nana,Jones,86.01
John,Mccarthy,83.64
Jeffrey,Wise,62.54
Robert,Bowman,71.52
Ross,Hamilton,59.04
Anita,Rogers,88.47
Sandra,Steele,70.79
William,Brennan,84.28
Damon,Alfandre,75.93
Kevin,Lovins,76.62
William,Bullock,94.07
Gerald,Scott,70.19
Frances,Woodhouse,85.21
Jamie,Peterson,73.86
Jimmie,Hill,79.94
Evan,Wood,84.69
June,Eaddy,77.24
Karl,Forsberg,74.62
Robyn,Koehler,95.52
Eric,Scott,81.84
Fred,Lane,60.21
Richard,Wilson,73.5
Sherry,Carroll,90.52
Jeffrey,Greco,80.85
Marcelino,Largent,79.53
Beatrice,Lloyd,78.41
Richard,Garvey,86.36
Vern,Hixson,102.0
Nathaniel,Taylor,81.63
Ann,Mayher,79.54
Daisy,Langner,77.82
David,Jacinto,67.0
Laura,Watring,74.09
Robert,Luke,78.72
Mary,Pettway,87.08
Tanya,Williams,73.26
Lisa,Ford,87.32
Marvin,Gross,61.55
Phillip,Hardage,66.07
Victor,Bunn,74.39
Gloria,Konwinski,77.63
Mitchell,Claypoole,69.66
Patrick,Long,64.86
Juan,Thom,73.78
Tammi,Grove,80.59
Evelyn,Walker,76.71
Sean,Dennis,81.08
Helen,Dees,87.76
Barbara,Berry,78.3
Ann,Corlew,98.34
Hermelinda,Damico,90.61
Thomas,Brown,80.52
Naomi,Herrmann,97.12
Elsie,Boyer,100.48
Anita,Roman,96.25
Jennifer,Lussier,81.53
Tiffany,Huynh,78.83
Kenneth,Smith,71.35
Joan,Cruz,71.52
Jeffery,Rodriguez,77.91
Charles,Elmore,65.55
Jose,Diaz,81.81
Debra,Mcleod,81.12
Joyce,Steinberg,68.86
Stephen,Bellocchio,79.09
Jill,Trajillo,76.9
Christina,Deen,77.23
Deborah,Hartwig,80.23
Rebecca,Rickman,83.63
Samuel,Hughes,87.03
Celeste,Smith,86.5
Edward,Martin,65.86
Ray,Jackson,72.24
Anita,Lafleur,83.12
William,Johnson,94.92
Keith,Bowman,67.93
Michael,Robins,75.82
Mark,Jones,84.57
Robert,Bradshaw,82.61
Antonio,Fish,73.69
Thomas,Archer,84.87
Ronald,Contreras,76.81
Stephanie,Mooney,83.65
Arlene,Deshayes,70.91
Daisy,Newhall,73.87
Mark,Smith,93.5
Fabiola,Williams,93.76
Joseph,Baker,80.71
Albert,White,81.25
Louise,Garcia,63.09
Ramiro,Young,95.41
Helen,Poteat,79.96
Virginia,Mcdonald,89.17
Anne,Ladd,76.43
Tiffany,Ballew,69.34
Mark,Wrape,76.88
Richard,Stamps,87.9
Christopher,Solem,80.48
Fernando,Wolf,65.39
Rayford,Kosiba,87.19
Amelia,Aponte,67.38
Sylvia,Prosser,82.22
Florence,Worthy,66.19
Jose,Mcfarlane,80.34
Andrew,Lempke,79.35
Guy,Jacquez,73.66
Kyle,Stokes,67.26
Eleanor,Eledge,105.83
Silvia,Watkins,79.17
Gregory,Medford,79.48
Christopher,Frandsen,76.8
Mark,Nikolai,74.34
Essie,Werner,75.95
Mary,Lewis,78.8
Guy,Shadrick,85.17
Betty,Hackney,54.62
Patricia,Sunday,80.19
Charlotte,Greene,79.22
Clayton,Barton,87.11
Henry,Gowen,84.49
Howard,Crowley,74.83
Sarah,Lee,56.64
Robbie,Perry,85.23
John,Marshall,77.65
Arthur,Pegues,69.11
Amanda,Flores,65.34
Moises,Banahan,66.48
Julia,Aldrich,76.69
Ginger,Johnson,59.58
Walter,Ellis,79.99
Hazel,Santos,81.36
Steven,Ginder,70.73
John,Sanchez,81.64
Walter,Doremus,78.17
Ben,Hibbs,83.32
Thelma,Cardwell,77.61
Pedro,White,96.32
Daniel,Shockley,87.33
Felix,Mcavoy,79.27
Robert,Whaley,78.28
Lois,Macklin,81.06
Andre,Dallaire,68.8
Henry,Brown,72.18
Timmy,Morrison,76.96
Doris,Lopez,94.66
Marie,Kempinski,70.33
Ora,Vail,79.38
Marisa,Sapp,78.4
Willie,Lopez,69.43
Lisa,Pry,74.3
Jesse,Godfrey,86.44
Claudia,Spencer,77.57
Kenneth,Basbas,83.24
Margaret,Kent,79.72
Mary,Bauer,82.96
James,Petersen,86.32
Manuel,Meisner,70.55
Timothy,Eubanks,83.94
Harold,Dixon,79.71
Christopher,Sealey,83.54
Dorothy,Forbush,89.55
Tamara,Hebel,86.06
James,Roby,93.63
Justin,Gindlesperger,62.46
James,Williams,67.99
Ruby,Parr,81.67
Opal,Becker,85.8
Edna,Lamont,80.32
Roger,Coles,79.58
Andrew,Roman,68.96
Becky,Wilson,82.72
Nina,Gorham,83.69
Linda,Lopez,86.03
Peter,Watts,84.55
Whitney,Whaley,84.89
Donald,Hutching,78.05
Roger,Ramos,68.34
Everett,Garner,89.79
Meghan,Wingfield,73.87
Luz,Emrich,84.12
Betty,Berry,68.69
Judith,Oconnor,68.24
Lorena,Yoshina,97.0
Pamela,Kennedy,87.65
Mamie,Thomas,73.83
Nancy,Pascale,72.14
Randy,Wickliff,70.59
Michelle,Fitch,81.5
Josie,Cote,77.84
Margaret,Bowlin,100.19
Stanley,Transou,76.37
Concetta,Gary,68.45
Michael,Fox,79.12
Anna,Marcano,83.77
George,Nolan,86.16
Lola,Edwards,64.24
William,Goff,74.07
Mary,Thompson,70.75
Robert,Peterson,81.4
Adam,Reyes,82.99
Brenda,Creekmore,70.83
Cheryl,Gehring,87.58
Andrea,Thompson,66.68
Steven,Allen,75.11
Amos,Johnson,70.58
Robert,Pittman,70.88
Joanne,Acosta,73.64
Mark,Helmick,84.19
Lawrence,King,80.22
Charles,Phillips,79.66
Louis,Kelley,80.34
Christy,Gonzalez,71.21
Francis,Guillory,81.52
Sarah,Edmund,47.92
Paula,Downs,83.17
Gerald,Harmon,79.95
Joann,Hinojosa,69.44
Natalie,Holloway,71.15
Jo,Harmon,81.48
Virginia,Leung,79.72
Brigitte,Russo,80.3
Charlotte,Rosen,72.72
Treva,Goldade,78.13
Kristina,Loomis,74.57
Carlos,Parraga,78.42
James,Bolton,76.44
Harold,Kemp,94.87
Amber,Sloan,71.24
Danielle,Mckenzie,72.61
Debra,Romero,99.25
Heather,Fairchild,68.62
Eduardo,Shelton,88.8
Particia,Morehead,75.56
Marcella,Grey,68.67
Richard,Mcguire,71.3
Edward,Newman,89.9
Benjamin,Clark,80.71
Ronald,Goeppner,83.31
Charles,Thackston,80.11
Scott,Conlin,77.72
Ronald,Rooks,83.66
Francis,Kramer,71.63
Lucile,Fuller,70.96
Shannon,Sabo,82.76
John,Dietrich,89.74
Joy,Polanski,79.69
Kathleen,Mildren,65.11
Julian,Lynch,79.1
Laura,Tribbett,96.54
Jesus,Elzy,76.46
David,Nisbett,58.95
Karl,Smith,68.9
Ruby,Jones,79.4
Rachel,Calogero,69.45
Anthony,Albertson,95.67
Ryan,Lopez,63.97
Lara,Skipper,81.69
Joe,Streeter,72.65
Joseph,Anaya,59.83
Robert,Jenkins,72.76
Michael,Long,74.04
Edward,Dewaard,90.48
Wanda,Montgomery,71.16
John,Williams,86.48
Lena,Shelton,89.17
Scott,Freeze,87.51
Diane,Miller,81.89
Polly,Garcia,75.01
Lorraine,Taylor,81.17
Terry,Mentzer,81.12
Christine,Adams,77.28
Jason,Russo,78.44
Veronica,Henry,84.46
Nancy,Smith,68.37
Billy,Henderson,81.23
Brenda,Pedraza,91.16
Paul,Stacey,84.9
Nicholas,Anderson,81.88
Teresa,Langner,59.65
Lowell,Montello,73.45
William,Hambrick,78.13
Juanita,Diaz,74.14
Reuben,Machen,75.88
Barry,Douglas,81.94
Loni,Whaley,70.41
Daniel,Sikes,65.71
Miriam,Ruiz,80.04
Maegan,Wilt,66.8
Sean,Perkins,73.0
Maryann,James,67.07
Curt,Mitchell,81.33
Margaret,Philipp,85.9
Sunny,Brothern,85.75
Kenneth,Williams,85.01
Thelma,Lilly,89.09
Melissa,Chan,73.65
Ryan,Robinson,76.5
Jeffery,Brown,67.03
Marianne,Colyer,86.51
Clare,Washington,59.93
Jarred,Matus,83.78
Danny,Killingsworth,80.23
Susan,Reed,81.5
Teresa,Jones,76.73
Derrick,Sykes,87.66
Virginia,Nelson,90.85
Sandra,Smith,84.87
Kenneth,Eck,80.55
Ernest,Sparling,84.53
Stella,Gorham,85.85
Roger,Kirk,71.24
William,Tappen,76.98
Margaret,Ginn,71.31
Mellissa,Gries,81.84
Cora,Horan,78.57
Gloria,Gore,77.2
Jane,Williams,65.62
Florence,Klima,79.02
Jamie,Corliss,64.97
Catherine,Bronson,61.74
Robin,Hassler,79.63
Michael,Lo,86.99
Dolores,Morgan,82.45
Kevin,Flowers,77.36
Pamela,Tartt,68.52
David,Weiland,82.33
Janet,Richardson,82.95
Zulma,Smith,82.12
Stephen,Preston,81.79
Doris,Hunt,78.36
Gerald,Atwood,74.94
Mary,Carothers,82.52
James,Keesee,74.35
Louise,Smith,75.65
Robert,Smith,74.33
Marion,Hughes,68.12
Frances,Russell,77.15
Patrick,Bundy,76.95
Mauricio,Klatt,86.21
Eleanor,Ohta,77.96
Wilfredo,Thibodeau,77.15
Gregory,Larsen,77.66
Linda,Rosenberg,79.67
Donna,Rodriguez,74.48
Alan,Strayhorn,84.88
Helen,Chantler,84.93
Troy,Sheller,94.54
Carlos,Boyles,67.58
Shirley,Scott,67.72
Pamela,Prendergast,73.92
Michelle,League,69.7
Patricia,Mccarver,78.56
Rodney,Woods,80.26
Michael,Cormier,75.36
Mary,Kasprowicz,74.84
Shirley,Francis,78.52
Ruby,Begor,70.74
Sharon,Carmichael,78.49
Ellis,Whitehouse,74.77
Richard,Nix,84.03
Edward,Gustafson,59.43
Melissa,Torres,63.05
Shayna,Mori,73.9
Luther,Keller,76.93
George,Rieves,79.64
Kristen,Ladue,74.37
Joseph,Link,80.06
Douglas,Plancarte,85.56
David,Gonzalez,80.69
Theresa,Kennedy,85.84
Henry,Colon,73.69
Frank,Shelton,60.95
Joseph,Robbins,78.05
Bobby,Williams,92.23
Phyllis,Schmidt,78.76
Sheila,Goforth,81.27
Warren,Brown,81.16
Edna,Davis,90.18
Judith,Kohler,96.06
Kathleen,Burgos,73.94
Luis,Trease,71.39
Robert,Connell,78.3
Christopher,Bretthauer,92.0
John,Searing,93.73
Brian,Saults,64.52
Walter,Brock,75.15
Josephine,Smith,82.79
Larry,Mccutcheon,78.18
George,Shorr,80.44
Dustin,Thompson,70.76
Flora,Poe,67.39
Aaron,Padilla,80.21
Ellis,Nieves,82.77
Robyn,Hanna,62.97
Darlene,Winstead,79.08
Tyler,Worsham,77.52
Lloyd,Mills,83.4
Luther,Owens,77.3
Penelope,Randolph,67.7
Ignacio,Maxwell,73.4
Susan,Yarbrough,81.04
Elsie,Shaw,78.85
Russell,Robinson,86.09
Lisa,Plummer,65.1
Ronald,Baldwin,87.49
Rita,Vetter,66.39
Dina,Bell,72.65
Dee,Brown,76.5
Anthony,Adams,76.77
Thelma,Donovan,67.03
Felicia,Donalson,73.99
Robert,New,89.3
Ryan,Liddy,83.37
Charles,Lewis,95.11
Crystal,Barnard,73.08
Mark,Hilbert,82.95
Randolph,Bessel,73.87
David,Ligon,76.13
Melony,Wilcher,70.55
Eric,Edwards,77.9
Roy,Cordova,73.91
Paula,Lambert,69.63
Roberto,Maltba,99.13
Jennifer,Moore,73.32
Lily,Gramm,67.11
Mark,Bundy,87.61
Edna,Turner,78.85
Marlene,Butler,74.37
Tonia,Schreiber,66.59
William,Mitchell,78.78
Horacio,Holden,73.68
Tad,Wilson,89.47
Kathryn,Emch,84.95
Harold,Kobayashi,68.29
Jose,Renk,77.64
Wesley,Griffith,70.1
Jason,Arehart,72.9
Joanna,Albertson,75.69
Mary,Graham,78.38
Trudy,Shanker,65.95
Courtney,Patry,85.8
Philip,Jones,80.38
Rosemary,Moreno,64.04
Thomas,Vinroe,75.17
Margaret,Rubins,86.21
Juan,Wilson,80.08
Emily,Escobar,84.71
Walter,Bowling,68.21
Carol,Toodle,67.82
Caroline,Savitts,86.56
Lucas,Pinson,76.3
Cheryl,Holmes,90.91
Brian,Pinegar,77.97
Scott,Brooks,85.62
Migdalia,Benningfield,68.59
Roger,Amend,86.99
Regina,Hoyle,86.08
Hanh,Paxton,86.8
Rachael,Sabo,86.13
Douglas,Wilson,66.87
Jorge,Lahr,75.78
Seth,Davis,84.67
Steven,Emerson,87.5
Gustavo,Samples,90.31
Kathryn,Louis,70.92
Kenneth,Ray,72.34
Anglea,Peterson,74.94
June,Smith,72.97
Gloria,Fuller,75.33
Judy,Auston,96.1
Nathan,Miller,74.49
Kenneth,Hoffman,91.33
Willie,Larson,71.24
Frank,Guerrera,65.92
Zachary,Mason,78.59
Joseph,Parke,76.2
Gena,Morton,76.94
Charles,Quinn,91.02
Jacquelyn,Jackson,76.73
Nathan,Seay,86.41
Barbara,Mcdaniels,85.99
John,Hernandez,75.2
Justin,Deese,65.04
Jimmy,Morgan,83.06
Richard,Tousom,81.09
Devon,Borghese,72.79
Michael,Hamilton,76.98
Emma,Buchanan,71.09
Earnestine,Altic,80.65
Helen,Eaves,65.11
Cindy,Lloyd,80.48
Guadalupe,Miceli,59.5
Marion,Grundy,76.86
Richard,Thompson,87.45
Elaine,Overshown,68.01
Michelle,Decker,73.6
Tanya,Ellinger,80.23
Robert,Obrien,75.12
Flora,Penderel,77.0
Holly,Gray,75.0
Lynette,Smith,83.22
Retha,Lopez,80.72
Brandy,Roberts,72.37
Steven,Gin,74.04
Carmen,Miller,80.0
Carmen,Hershey,87.42
Marsha,Humphreys,81.93
Andrew,Hayes,87.19
Christopher,Tong,93.89
Jana,Tinnon,83.61
Gary,Duncan,82.72
Julie,Robles,72.53
Brenda,Cendejas,90.31
Timothy,Bledsoe,84.1
Brian,Ramos,78.42
Rosemarie,Snyder,63.99
Alicia,Howard,76.2
Charles,Branch,73.9
Kristie,Jones,84.18
Dallas,Surratt,69.43
Lois,Bratcher,68.98
Wanda,Richardson,90.8
Barbara,Webb,75.05
Paul,Newton,92.06
Jeffrey,Hare,87.89
Gilbert,Pounds,73.7
Lisa,Brown,76.63
Elsie,Lee,81.5
Alena,Zaragoza,80.78
Sharon,Littler,85.72
Gerda,Thompson,86.56
Timothy,Hobgood,68.73
David,Waters,92.84
Daren,Griffin,66.9
Jennifer,Westlie,74.62
Barbara,House,69.11
Ralph,Ciresi,85.69
Ricky,Peterson,77.96
John,Fry,92.66
Cynthia,Greenleaf,75.05
Ross,Speck,74.04
Salina,Bolling,79.64
Terry,Jones,66.88
Misty,Molina,76.99
Jennifer,Dyer,75.98
Tonya,Head,73.86
Emily,Curtin,74.3
Kimberly,Schiller,73.91
Joseph,Noland,89.6
Socorro,Cannon,86.34
Clifford,Schmid,77.01
William,Mulcahy,80.71
Minh,Barrickman,86.91
David,Rector,60.52
Stephen,Gregory,70.35
Milan,Barney,76.46
Charles,Gan,73.44
Gerald,Gregg,77.27
Stephen,Garcia,82.9
Jeremy,Boyce,68.71
Raymond,Weil,69.64
Maria,Weingard,82.4
Frances,Toddy,86.93
James,Masella,85.49
Doris,Stroot,82.36
Elizabeth,Robinson,76.86
Orlando,Berg,76.55
Phillip,Duvall,82.81
Michael,Frisbie,82.53
Doug,Davis,64.05
Debbi,Henderson,77.74
Luisa,Schindler,78.65
Danny,Maio,78.78
Richard,Allen,68.75
John,Lewis,66.8
Darrin,Robinson,78.27
Frank,Wadsworth,73.99
Jennifer,Walker,82.41
Jennifer,Harber,75.42
Margarett,Smith,88.89
Brian,Gray,77.72
Mark,Bauer,86.76
Carey,Mena,68.96
Brian,Jennings,85.34
Clark,Curtis,80.46
Russell,Berry,67.87
Stephen,Esparza,82.13
Reba,Heard,87.58
Bruce,Palermo,62.41
Ruth,Connors,69.0
Arturo,Clark,82.87
Carey,Wiles,90.84
Jason,Ortiz,61.58
Ruby,Rector,67.47
Rex,Devit,92.58
Jeffrey,Brown,88.95
Russell,Cuadras,87.69
Edward,Hawkins,86.14
John,Kendal,69.97
James,Schnee,83.99
Jennifer,Henry,84.61
Rebecca,Zatorski,63.27
Carlton,Hyppolite,76.1
Lori,Thierry,94.14
William,Guevara,80.47
Richard,Holt,72.04
Florence,Rodriguez,84.26
Jeannie,Peck,67.57
Albert,Callahan,76.39
Robert,Washington,69.34
Florence,Huffman,77.36
Carlos,Delacruz,78.81
Franklin,Jette,91.98
Inez,Brown,72.19
Ryan,Clyde,80.6
Michael,Garcia,83.51
Dawn,Reneau,68.32
Elise,Duhon,96.72
Richard,Coker,77.98
William,Latimer,79.59
Roy,Washinski,91.6
Michael,Ramirez,79.85
Richard,Jimenez,96.23
Thomas,Morgan,86.76
Sue,Hebert,72.95
Cecelia,Seiersen,80.94
John,Lorber,62.01
Sean,Bernet,73.38
Becky,Parrish,80.04
Dora,Holden,83.02
Judy,Hart,73.59
Wendy,Vasquez,91.68
Jean,Jaynes,79.55
Daniel,Trexler,81.95
Penny,Patterson,72.35
Esther,Haynes,75.97
Angela,Lampley,87.65
Bertha,Duncan,68.86
Michelle,Thomas,83.29
Megan,Simmons,79.31
Jose,Colunga,66.41
Samuel,Kirkley,63.86
Matthew,Colburn,81.38
Michael,Glud,83.88
Darlene,Dickson,76.0
Jamie,Argueta,83.1
Melisa,Kelly,74.69
Carlo,Duhon,88.57
Kristin,Kirby,68.06
Freda,Agosto,81.65
Nada,Turner,74.73
Tracy,Basque,66.93
Andres,Weems,79.39
Carol,Misiaszek,80.92
Charles,Cruz,83.39
Gerald,Anderson,79.54
Heather,Waldron,83.08
Janet,Manzo,77.5
Dolores,Welsh,84.64
Emmett,Hobbs,73.47
Jason,Johnson,83.37
William,Carter,74.11
Normand,Hunt,77.1
Geri,Apaez,89.1
Rosemary,Lupo,70.51
Stephanie,Mowles,79.92
Angela,Sharp,85.34
Christia,Simmons,75.08
Lisa,Heath,85.93
Jeanne,Brown,69.27
Luther,Fanning,91.09
Nu,Wilhite,68.61
Cory,Silverstein,66.4
Timothy,Ruiz,79.02
Tanya,Winer,73.9
Emily,Slaton,69.21
Edwin,Gist,71.83
Brian,Cook,88.91
Ruth,Fonville,72.53
Sarah,Krone,75.11
Matthew,Floyd,68.07
Roy,Soucy,82.35
Charles,Norris,72.15
Vanessa,Burns,68.93
David,Swanson,88.65
John,Roberts,80.68
Larry,Barone,92.05
Kathy,Piper,91.67
Rachel,Olson,80.66
Tyrone,Dinkel,79.85
Richard,Miley,78.27
Audrey,Martinez,71.49
Florence,Mullen,77.94
David,Mcmillan,78.13
Ruben,Perry,74.4
Alexandra,Harris,79.01
Willie,Ginder,73.64
Kay,James,72.88
Joyce,Kim,72.08
Ivette,Brown,72.28
Clarence,Hauman,79.88
Christine,Fairchild,77.77
James,Birkline,75.2
Matthew,Decker,70.39
David,Fisher,72.09
Raymond,Szeto,69.21
Kevin,Fisher,66.71
Delores,Vancuren,67.73
Bill,Whitemore,74.91
Darrell,Weber,93.58
Karen,Clark,86.63
Lenore,Lear,70.83
Frank,Clay,84.49
Paul,Wang,83.07
Paul,Lambert,77.32
Mary,Couto,72.18
Ethan,Grant,75.25
Joseph,Parker,74.55
Alfred,Smith,84.73
Ashlee,Howlett,88.2
Joseph,Sydnor,66.38
Letitia,Raygoza,73.18
Lillian,Dowling,78.52
Donald,Elliott,76.5
Nan,Stubbert,76.32
Joe,Snow,81.92
Charles,Estrada,80.06
Aretha,Loeschner,81.17
Tasha,Myers,78.95
Helen,Olmstead,73.75
Robert,Paine,77.07
Gregory,Lewis,76.13
Felix,Tucker,79.01
Timothy,Whitaker,65.98
Christina,Johnson,78.13
Roger,Mitchell,85.49
James,Ramos,66.38
David,Huggard,93.91
Victor,Roof,73.47
Joseph,Brown,79.12
Margaret,Clark,86.37
William,Vanwingerden,70.68
Florence,Towery,83.77
Carlton,Nelson,73.07
Michael,Hanna,76.68
Bernadette,Day,91.63
Denise,Mccollom,72.12
Mary,Conrad,72.39
Pa,Tunis,88.27
Emily,Gennaro,75.85
John,Rutan,68.68
Michelle,Barnes,71.58
Barbara,Gensler,87.42
Terry,Moore,74.18
William,Cichon,77.35
Temika,Vandyke,74.44
Wanda,Taylor,71.39
Charles,Jamon,76.51
Catharine,Bertolami,79.58
Jeffrey,Collett,85.2
Orville,Kinsler,79.0
Pauline,Weisenfluh,82.83
Gracie,Neaves,83.23
Doris,Goering,66.81
Eric,Moore,90.2
Karen,Dailey,68.51
Willie,Cooper,81.79
Peggy,Wilkes,89.11
Margaret,Whittington,82.88
Christopher,Sorensen,67.3
William,Brooks,69.55
Christopher,Jones,63.74
Arlen,Johnson,86.1
Alan,Stanley,87.15
Steve,Silva,80.93
Jaqueline,Cabrera,79.72
Margaret,Delarosa,87.67
Jennie,Dunn,77.61
Irma,Yearout,66.16
Mickey,Gonzales,96.98
Tim,Kraus,81.48
Sadie,Carver,80.94
Susan,Fischer,76.91
Donald,Goldie,87.33
Nancy,Du,86.0
Joshua,Nevills,75.51
Terry,Garcia,71.47
Jorge,Rice,82.21
Gertie,Reid,87.11
Laverne,Ritchie,86.55
Audrey,Jalbert,76.68
Caitlin,Corbett,78.47
Erma,Jewell,88.55
Kasandra,Clifford,76.96
Pamela,Crow,80.5
Thomas,Paya,72.12
Lourdes,Serrano,67.96
Andrew,Good,86.06
David,Henderson,78.19
Adam,Vanwyck,84.1
Lupe,Vann,76.35
Jackson,Reding,75.23
Mickey,Marion,57.7
Yolanda,Gracey,93.37
David,Davis,79.93
Richard,Stillman,85.49
William,Koenig,72.68
Mike,Narain,79.68
Raymond,Neifert,61.46
Tricia,Muller,89.03
William,Moore,75.66
Tona,Mccarthy,95.09
Clayton,Clark,79.45
Robin,Mobley,77.93
David,Ulibarri,91.36
Monica,Obrien,90.79
Johnnie,Pinc,73.06
Tiffany,Luna,90.67
Patrick,Flores,73.48
Arlene,Christman,90.88
Barbara,Davis,73.53
Lee,Withem,78.52
Marvin,Krajewski,70.73
Daniel,Bickley,71.12
Blanca,Bullock,92.88
Deborah,Robinson,81.06
Daniel,Abdelhamid,75.21
Peter,Vario,83.15
Shawna,Birge,69.3
Michael,Tyler,76.18
Bridget,Carson,91.15
Angela,Shipley,69.01
James,Braun,86.41
Alice,Larson,69.75
Agnes,Rae,88.11
Richard,Mason,83.6
William,Quirion,74.96
Lisette,Polley,62.73
Carla,Garcia,88.11
Ann,Simon,71.66
Hector,Fletcher,76.12
Eric,Fairfield,85.26
Lucius,Bright,64.55
Jorge,Stephens,64.93
Samuel,Dwyer,69.95
Paul,Padilla,74.52
Gregory,Scott,88.65
Michelle,Shroyer,70.74
Mark,Henderson,82.97
Carol,Pfost,72.3
Shannon,Violette,79.02
Manuel,Avery,78.78
Kelli,Caro,85.4
Patricia,Alesci,88.66
Lucille,Banas,85.9
Mary,Fleming,64.02
Holly,Ladd,78.98
Tamika,Michalski,73.44
Mary,Henderson,79.71
Donna,Ruesga,67.57
Flora,Cooper,82.3
Eugene,Richardson,62.58
Jennie,Cotton,88.9
Sophie,Matta,68.93
Lindsey,Smith,78.42
Myrna,Libel,69.19
Charles,Boyd,75.44
Rodolfo,Buchmann,68.9
Mary,Webb,84.55
Ronald,Swearingen,71.21
Joe,Acosta,67.67
Michael,Galarza,77.89
Rodney,Moore,79.86
Jeremy,Bradley,78.15
Thomas,Stefaniak,79.7
Adrian,Evans,99.62
Bernard,Piccinini,64.58
Florence,Nicoletti,69.88
Lakeisha,Messer,92.24
Madeleine,Fletcher,71.71
Christopher,Callahan,85.63
Thomas,Wisniewski,68.65
Christopher,Carlino,73.06
Randy,Hagen,76.95
Richard,Uhrig,83.83
Margaret,Little,72.04
Diane,Goldsmith,86.73
Shirley,Grubaugh,74.72
Kim,Bunting,77.1
Susan,Krampitz,70.99
Katina,Tamashiro,75.7
Gina,Edmonds,78.23
Mary,Kwiecien,67.85
Jacqueline,Rabren,66.38
Ronald,Harmon,81.08
Clyde,Wert,81.74
Celia,Collins,77.38
Tammy,Corliss,69.38
Wilfredo,Farr,91.89
James,Feuerborn,82.95
Glen,Noreen,74.06
Erma,French,71.8
Nancy,Manning,81.64
Alexis,Reed,78.79
Matthew,Anderson,79.95
Beatrice,Ward,76.9
Cynthia,Wall,81.68
Herb,Witherspoon,78.98
Alfonso,Scherer,80.49
Larry,Falgout,74.42
Theresa,Rayford,71.7
Anita,Ropers,81.73
Carol,Wade,64.12
David,Pacheco,76.56
Santiago,Johnson,88.97
Sheri,Bolinger,92.8
Olivia,Caraway,80.17
Eric,Cooper,79.1
Robert,Franklin,77.81
Allen,Coleman,78.35
Elton,Hall,71.6
Melissa,Davis,76.74
Steven,Haas,72.78
George,Sebeniecher,64.59
Frederick,Smith,72.27
Ana,Benauides,87.34
Bertha,Neidich,93.02
Terry,Gentner,71.43
Claudia,Andujar,80.26
Stephanie,Imes,86.96
Barbara,Kipp,80.2
Daniel,Salter,74.26
Nancy,Cormier,83.38
Donald,Gagnon,85.43
Andrea,Orsi,66.13
Andrea,Streb,78.13
Wendy,Moreno,77.25
John,Talavera,76.58
Jennifer,Escobar,85.47
Richard,Sharp,90.24
Joe,Brislin,74.88
Edward,Brown,82.19
Joseph,Rodriguez,85.03
Christopher,Higgins,91.62
Anthony,Balling,84.07
Shelley,White,83.38
Valentine,Scarborough,85.32
Timothy,Spencer,78.82
Bryan,Raines,73.94
Amanda,Murray,71.27
Annie,Rodino,71.23
Marjorie,Neely,92.02
Kristina,Wiley,93.57
Amanda,Smith,64.61
Carl,Clark,80.33
Joseph,Baker,84.7
Bonny,Dooley,80.19
Janelle,Carter,66.74
Jennifer,Albanese,75.27
William,Francisco,79.98
Peter,Bentley,82.55
John,Larsen,65.59
James,Duncan,80.37
Jason,Thompson,81.89
Sandra,Kuykendall,80.56
Jarred,Walker,77.39
Michael,Sheahan,75.5
Imogene,Carter,78.22
James,Hurless,80.17
Fred,Jones,73.51
Paul,Ali,72.53
Richard,Knight,76.61
Thomas,Hasas,84.86
Robert,Costello,72.76
Thelma,Testerman,69.62
Kenneth,Yarbrough,91.64
Maria,Ledford,74.08
Thomas,Geffre,81.99
Lawrence,Howard,79.8
Kelli,Regan,64.48
Wesley,Hartshorn,78.8
Brian,Wright,78.96
Jerry,Foley,77.18
Edna,Ferrell,70.01
Otis,Bettencourt,80.77
Lisa,Ojala,54.1
Saul,Shields,83.79
Frank,Johnson,75.1
Eloy,Dipiano,75.53
Melissa,Rowan,87.12
Ronnie,Malton,77.18
James,Monteagudo,68.31
Patrick,Yeh,79.96
Allen,Aycock,76.57
Jillian,Smith,66.5
Douglas,Rembert,79.31
Nita,Estes,73.27
Joseph,Trippel,71.88
Edgar,Adame,91.01
Kindra,Brown,85.21
George,Butcher,77.55
Robert,Collins,85.62
Martha,Atkins,76.99
Amos,Hilser,69.7
Tracy,Livingston,74.11
Michael,Lombardo,81.76
Amie,Cockerham,81.8
Juan,Taylor,83.18
Seymour,Barron,67.72
Megan,Powell,93.8
Tracey,Cannon,77.19
Jessica,Phan,79.22
Laura,Menard,80.16
Alexandra,Johnson,78.71
Mary,Carter,70.59
Keith,Butler,87.43
Enid,Roberts,96.93
Adam,Judd,83.22
Anne,Main,67.99
Joshua,Peterson,74.77
Catherine,Brown,65.25
Gloria,Grover,88.3
Tonja,Hixon,76.98
Frederick,Cochran,75.55
James,Guebert,75.3
Christine,Webster,74.33
Kimberly,Merrill,80.93
Shannon,Hubbell,73.86
Patricia,King,70.69
Freddy,Schwenck,75.93
Doris,Bedeau,82.57
Ruth,Viera,82.67
Alfonso,Sayco,80.25
Matthew,Gelb,74.74
Donald,Ngo,76.47
James,Ruiz,84.86
Peter,Thackaberry,66.18
Cynthia,Reese,75.94
Mana,Williams,79.61
Robert,Lutz,79.88
Sherry,Culp,85.43
John,Haydock,94.01
Nan,Bowlin,81.76
Billie,Terry,79.51
Michael,Hearn,82.94
Erasmo,Nichols,56.69
Alan,Marrero,84.8
Mary,Juenemann,79.78
Mark,Leingang,73.18
Josefa,Wilkerson,85.15
Maurice,Counts,82.91
Shannon,Boyd,79.58
Marvin,Buchanon,79.38
Rebecca,Anast,72.62
Francine,Potter,81.72
Lester,Fossey,91.16
Billy,Hall,73.08
Jenelle,Lucero,79.37
Gene,Covington,83.01
Ramon,Burton,57.9
Martha,Moran,88.43
Ernest,Boyd,77.86
Carrie,Rega,59.83
Maggie,Hunt,56.77
Bethel,Clark,81.8
Allen,Albright,75.13
Maria,Navarrette,81.46
Richard,Hartage,75.68
Roger,Robinson,80.02
George,Wilson,77.27
Jeffrey,Orton,66.05
Ray,Weissman,65.82
Barbara,Wall,73.13
James,Mahaney,76.92
Richard,Lipner,91.68
Floyd,Mula,84.34
Jerry,Powell,88.91
Romana,Hok,82.0
Karen,Morley,73.62
Amy,Buntrock,77.54
Janis,Jones,98.35
Angela,Reaves,85.03
Jennifer,Racki,74.42
Jessie,Win,80.3
Chuck,Henderson,75.2
John,Oloughlin,89.68
Gladys,Britton,62.54
Tony,Adams,71.82
Daniel,Gowins,78.88
Frank,Riche,81.28
Marion,Mullins,75.85
Rose,Anderson,75.76
Albert,Hanson,85.31
Whitney,Bird,88.35
Issac,Ruiz,69.16
Dorothy,Zana,82.12
Edith,Layman,80.1
Edward,Forrest,95.16
Dixie,Hopper,76.23
Tina,Wright,90.44
Lillian,Bucher,70.34
Michael,Gonzalez,82.53
Tony,Rayford,85.74
Jessica,Case,75.65
Robert,Fisher,77.18
Daniel,Helder,77.49
Eura,Serafin,83.24
Jorge,Otten,73.54
Eddie,Gindlesperger,52.51
Andrew,Spencer,82.58
Johnny,Thacker,66.91
Janet,Foster,71.51
Frankie,Brown,83.57
Laura,Alvarado,76.71
Johnny,Brown,83.73
Victoria,Marsden,69.85
Rachel,Dickerson,69.85
Mary,Howard,79.09
Steven,Fisher,79.3
Betty,Brown,77.76
David,Adams,80.03
Jon,Newman,71.73
John,Bolender,72.07
Deborah,Davy,66.22
Jean,Moore,86.41
Carl,Bailey,91.69
Joseph,Warmbier,84.58
Lester,Corsaut,77.26
Scott,Jones,66.86
Alma,Barrow,61.17
Pam,Ekberg,73.79
Denise,Burke,57.78
Myron,Niemeyer,68.81
Agnes,Evans,78.97
Cynthia,Gordon,75.47
Tanya,Bingler,77.51
Cathy,Littler,77.93
Patricia,Langlois,87.31
Tim,Hatcher,68.03
Chad,Davis,93.14
Aaron,Mikrot,72.76
Leonard,Finder,87.98
Jason,Watt,57.05
Bradley,Harris,67.86
Paulette,Roja,83.27
Alberto,Houser,84.17
Barbara,Deboer,84.23
Jason,Kurz,78.37
Mary,Tommie,80.16
Scott,Sanmartin,85.34
Charles,Peral,76.65
Matilda,Clark,78.0
James,Albano,87.82
Timothy,Robertson,73.07
Charlie,Latigo,86.83
Marita,Hickman,73.83
Michael,Stewart,80.39
Shawnta,Delgado,74.83
Jennifer,Pecora,75.83
Aaron,Kinroth,77.88
Amanda,Glover,74.49
Mary,Smith,77.81
Donna,Tharp,84.67
Alma,Cho,71.36
Betty,Byrne,74.38
Melissa,Olsen,72.34
Raymond,Garcia,75.15
Mary,Wallace,86.72
Martha,Williams,71.44
Rolando,Brown,87.21
Ann,Holsinger,84.48
Ryan,Vanhamlin,86.14
Rodger,Vinson,88.59
Alice,Meeks,91.75
Frank,Morris,97.43
Donald,Lajoie,81.93
Stephen,Gunter,78.66
Scott,Howe,83.91
Danny,Shelpman,90.99
Sarah,Haskett,71.99
Kim,Padilla,80.64
Helen,Ward,73.91
Elizabeth,Carr,87.5
David,Banning,88.08
Amanda,Scott,71.65
Steven,Goins,79.53
Patrica,Gaddis,73.86
Catherine,Renfrew,81.12
Daniel,Shields,80.14
Wilburn,Fineran,84.92
Carol,Martinez,79.08
Harry,Prahl,67.3
Steven,Vinroe,81.62
Dan,Byrne,84.65
Jeffrey,Woodard,95.58
Timothy,Ankrom,75.64
Terrance,Jones,81.9
Mary,Boswell,63.56
Ruth,Ottis,63.17
Jennifer,Peduto,81.05
Andrea,Bryan,64.47
Andre,Plateroti,91.13
Alice,Murray,79.86
Gary,Fatula,78.04
William,Caudill,76.05
Maxine,Hackworth,84.4
Gregory,Winston,80.46
Melissa,Perry,71.76
Edward,Cameron,87.89
Tammy,Phillips,70.76
Jose,Mills,86.21
George,Washington,73.25
Kathy,Kim,76.24
John,Mcguire,93.44
Melissa,Dupas,58.51
Susan,Pelter,66.69
Tim,Pagan,78.88
Louise,Johnson,76.31
Diane,Williams,75.98
Steven,Mizell,85.92
Terri,Meador,86.26
Kara,Mayle,77.71
Bruce,Abeles,80.17
Martin,Edwards,79.06
Kevin,Hardin,71.31
Charles,Lewis,62.12
Denise,Chui,88.91
Michael,Kemper,69.26
Zelma,Crayton,80.42
Jennie,Prater,92.02
Stephanie,Barnes,86.4
Larry,Chinn,80.97
Joseph,Burkett,83.11
Ann,Davis,88.31
Michelle,Hanlon,80.36
Darryl,Shoup,90.22
Robert,Green,72.78
Maria,Poole,69.48
Lacey,Peacock,85.61
Jennifer,Janeway,91.35
William,Trammell,71.61
Lillian,Williams,77.51
Agustin,Stookey,74.19
Harold,Chidester,71.82
Dexter,Knight,85.21
Anthony,Norton,65.1
Suzanne,Bean,89.46
Steven,Truong,74.22
Raymond,Spradlin,71.22
Aaron,Fuchs,86.79
Rachel,Smith,78.19
Susan,Howerton,78.34
Melvina,Cummings,77.7
Peggy,Shimizu,69.02
Lisa,Molder,87.38
Justin,Tisby,71.41
Lavonne,Griffith,76.84
Kevin,Laperouse,65.13
Manuel,Johnson,78.83
Neil,Kimple,75.14
Stanley,Steigerwalt,81.64
Earl,Knowlton,85.43
Theresa,Guiles,86.0
Rodney,Harvey,74.84
Mitzi,Hunt,95.1
Christopher,Riley,70.85
Krista,Eshleman,93.13
Delia,Ponce,81.67
Arthur,Rutland,70.11
Stephanie,Nordstrom,78.95
Amanda,Furbush,72.92
Troy,Wasson,86.23
James,Williams,67.77
Krista,Henry,67.05
Lorelei,Adams,86.25
Crystal,Harris,76.48
Phillip,Godwin,79.92
Ethel,James,75.72
Peter,Parks,82.86
Jerry,Jones,79.56
Gary,Lovelady,74.49
Steve,Castro,80.92
Kevin,Medina,75.83
Valencia,Reavis,82.5
John,Taylor,79.09
Harold,Smith,81.33
Melissa,Brescia,71.55
Brad,Miller,84.35
Stephen,Malone,81.0
Justin,Taylor,81.84
Robert,Kraeger,64.8
Debbie,Marino,80.34
Jean,Shumate,92.41
Lawrence,White,78.4
Alexis,Walton,72.34
Stanley,Parks,78.51
Travis,Trainor,76.97
Clark,Spotwood,87.86
Gilberto,Owen,74.45
Margaret,Melo,82.61
Virgil,Brooks,82.35
Paul,Mcleland,70.23
Agnes,Chisolm,84.47
Laura,Urbanek,77.15
Ramona,Papay,74.61
Lyda,Rivera,75.19
Dorothy,Peete,74.74
Adam,Garretson,89.46
Genevieve,Pohl,78.46
Tiffany,Stroud,71.12
Jaime,Johnson,65.19
Linda,Morrison,77.74
Thomas,Friedmann,75.78
Michael,Keller,72.8
Ken,Morriss,74.66
Eldridge,Reyes,76.32
Edward,Miller,80.54
Gary,Ethridge,62.25
George,Lee,77.06
Margret,Green,80.11
Nicholas,Simons,79.5
Victor,Norris,70.54
James,Smith,85.35
Joseph,Grove,76.78
Kyle,Morris,75.14
Mary,Ruple,95.93
Paul,Fanning,84.13
Marcia,Goudeau,70.45
Gustavo,Harris,74.08
Diana,Lingbeek,77.43
Lois,William,75.63
John,Thomas,73.66
George,Copher,88.03
Melissa,Mitchell,77.04
Christina,Garcia,87.32
Vernon,James,83.52
Carolyn,Finwall,75.79
Clifford,Graham,78.3
Michael,Robinson,67.1
Allan,Pearson,77.99
Agustin,Mcduffie,79.28
James,Cox,63.54
Dorothy,Locke,83.64
Robin,Smith,76.6
Nancy,Kerby,74.91
Bonnie,Campbell,68.59
Bruce,Lewis,86.69
Jacob,Sudduth,69.07
Harry,Fitzgerald,74.96
Kelly,Hanson,67.03
Teresa,Harvilla,84.39
Virginia,Solomon,89.43
Marion,Scott,77.36
David,Shannon,92.66
Damien,Guinn,69.13
Robert,Rickard,73.28
Janell,Howlett,80.73
Marilyn,Sosa,85.09
Patricia,Capron,87.64
Linwood,Lamoureux,73.49
Robert,Clark,76.21
Gordon,Berg,87.45
David,Roberts,81.88
Tonya,Stephens,72.54
John,Schill,78.76
Judy,Downing,76.03
Harold,Conkle,83.95
Kirby,Lane,68.43
Donnell,Judon,89.26
Melissa,Stegall,75.06
Robert,Mcdaniels,76.75
Richard,Morgan,77.48
Matthew,Larson,77.48
Frankie,Miller,91.86
Juan,Bailey,83.35
Johnny,Bradly,84.49
Howard,Piper,79.53
Betty,Williams,76.95
Irma,Dean,87.16
Brandy,Harrison,75.05
James,Camp,78.07
Delora,Hampton,80.2
Edward,Shavers,85.89
Della,Johnson,82.78
Stacy,Jorgenson,72.82
Matthew,Faria,75.59
Bobbie,Batiste,83.46
Shirley,Otto,77.77
Charles,Bahena,79.62
John,Brown,88.74
Daniel,Marashi,89.2
Reginald,Marquez,81.36
Lena,Coburn,74.35
Fred,Haskins,71.2
Carmela,Tripp,76.28
Adell,Nix,82.16
Kathy,Patterson,71.13
Hal,Britton,88.47
Migdalia,Gustafson,76.29
Daniel,Brookman,74.03
Julie,Swigert,68.12
Jeanette,Ogle,81.76
Lynda,Lower,82.51
Elizabeth,Allman,69.05
Vada,Sanford,80.13
George,Adolphson,87.28
Lyndsey,Johnson,72.11
Diane,Segarra,86.82
Marvin,Whitten,81.47
Eloisa,Bradford,72.35
Herbert,Tirk,76.3
Richard,Brentson,74.38
Jennifer,Ross,85.7
Margaret,Garcia,86.9
Dawn,Balderas,75.55
Michelle,Hernandez,63.01
Melvin,Harian,76.62
Lisa,Yonkoske,89.5
Thomas,Grulkey,80.84
Marquita,Garner,89.92
Glenn,Watt,77.46
John,Gibson,75.68
Claudia,Copeland,74.83
Jeanene,Patton,85.8
Bruce,Mccrea,74.6
Clarence,Waters,74.26
Daniel,Fitzgerald,63.86
Robert,Falcon,77.91
Kirk,Holguin,71.62
William,Gardner,89.84
Joshua,Dillard,81.51
Albert,Cruz,81.43
Nicole,Tidwell,86.17
Jim,Richardson,77.33
Gladys,Kaupp,97.2
Jennifer,Morgan,89.05
Pamela,Tito,69.87
Nick,Borkowski,81.43
Joseph,Pallan,78.23
Robert,Williams,73.37
Curtis,Ferris,78.4
Brian,Velez,74.86
Geneva,Madsen,89.14
Perry,Cowan,68.99
Beulah,Ward,69.06
Jessica,Lapointe,69.37
Violet,Richard,80.55
Sally,Johndrow,60.32
Sharri,Sandrock,75.62
Jeffery,Potts,74.46
Claudia,Holland,86.02
Ronald,Larsen,84.84
William,Procter,74.7
Elizabeth,Mcginnis,77.86
Eugenia,Cook,84.09
Hector,Thurston,68.43
Georgia,Wiley,72.16
Eartha,Dodson,74.01
Darlene,Green,71.69
Jay,Klien,80.64
Mary,Caskey,72.97
Frederick,Frank,87.54
Nancy,Smith,67.83
Barbara,Daugherty,70.9
Edna,Belote,64.73
Robert,Sanchez,78.8
Cindy,Hession,99.82
Beth,Walker,83.99
Larry,Stiff,74.93
Anna,Warren,83.75
Matthew,Castrey,73.48
William,Byrne,88.79
Amy,Taylor,76.37
James,Pauling,67.1
Carlos,Akin,92.92
Carl,Byrge,94.55
Patricia,Valadez,82.22
Eveline,Wright,63.44
John,Ackerson,85.76
Ami,Patterson,76.64
Thomas,Boyd,70.57
Terry,Whittier,77.74
Thomas,Gonzalea,85.71
William,Barker,71.23
Vicki,Asbury,72.65
Sandra,Underwood,91.46
Allen,Mcavoy,88.47
Luke,Whilden,71.74
David,Pinckney,76.52
John,Courtney,72.91
Dona,Hudson,93.1
Richard,Schroeder,80.65
Jose,Weist,87.23
Ronald,Williams,80.59
Maya,Rodriguez,79.36
Michelle,Pearson,87.98
Susan,Mckinley,75.51
Judith,Gregory,89.46
Lewis,Franklin,77.79
Johnny,Jeffries,76.25
Hilda,Fry,74.42
David,Crider,73.16
Bonnie,Eggers,87.47
Dana,Humphries,78.01
Katrina,Smith,73.37
Betty,Howell,62.81
Donald,Strother,71.23
Robert,Bowers,80.19
Andy,Burns,63.45
Greta,Breaux,79.6
Gretchen,Ritter,56.09
Sharla,Bruno,86.55
Priscilla,Sonsino,86.99
Roberto,Miller,87.73
Daryl,Summers,64.63
Henry,Cloke,77.47
Mark,Newberg,74.94
Katherine,Lindo,84.1
Dennis,Corcoran,87.39
Joe,Aman,81.39
Robert,Stpierre,90.3
Theresa,Edwards,82.01
Edith,Dean,69.88
Sara,Coker,69.79
Michael,Sevillano,75.59
Bernadette,Barber,78.86
Reuben,Holt,63.59
Deidre,Gilbert,95.07
Wanda,Wallace,72.73
Tiffany,Brown,84.2
Michael,Langevin,72.69
Marvin,Bauman,66.08
Kelly,Denes,84.72
Donna,Wolff,77.09
Brian,Franklin,79.88
Ethel,Brookes,74.94
Mark,Rogers,72.27
Henry,Seale,77.74
Inez,Lai,65.44
Aletha,Kent,81.15
Winnie,Escarcega,68.64
Wendell,Newlan,91.85
Bradley,Yu,74.66
Stephen,Turner,73.44
Pamela,Silver,86.89
James,Majors,78.04
Alice,Kumro,88.02
Karen,Valdes,86.69
Dorothy,Loew,93.45
Ginger,Fissel,90.45
Boyd,Campbell,74.67
Micheal,Pickerel,81.25
Marian,Odonnell,78.92
Lynell,Pina,86.7
Glen,Gass,76.46
Richard,Haymond,87.55
Billy,Grimes,94.12
Kenneth,Bolduc,77.7
Eula,Tomlinson,88.93
Clarence,Wilson,79.64
Willis,Dionne,87.84
James,Ritchie,93.52
Billy,Krampitz,87.07
Janet,Pearce,78.03
Anne,Parent,88.87
Ben,Wagner,89.22
Thomas,Pridemore,86.25
Charles,Richardson,70.93
Allison,Zarek,75.22
Yolando,Cohen,72.13
Amy,Spencer,88.02
Ethel,Cook,69.89
John,Tilley,73.6
David,Cameron,84.35
Michael,Drummond,85.24
Joshua,Westlake,88.9
Nathaniel,Smith,75.26
Vilma,Christenson,66.66
Kathryn,Noh,69.1
Brian,Ward,77.68
Maria,Green,87.3
Fernando,Walker,90.11
Rose,Leonard,84.64
Sandra,Lingafelter,73.67
Robert,Jenkins,71.42
Anne,Cecena,72.74
Calvin,Worthington,81.94
Audrey,Meyerott,78.73
Scott,Oullette,75.31
Susan,Stier,86.49
Beatrice,Bankston,80.9
Gordon,Hartley,84.58
Paul,Brown,95.36
Russell,Mangone,96.45
Lucy,Alfonso,78.62
Stephen,Martin,72.82
Carlos,Gaunce,75.22
Mark,Gabrielsen,76.1
Juan,Park,84.87
Dorothy,Jackson,96.73
Jennifer,Waters,82.06
Lisa,Porter,89.81
Fred,Stanfield,84.95
Nancy,Culbreth,76.72
Mary,Bussell,88.08
Phillip,Jefferies,72.67
Virginia,Neidig,91.6
Charles,Walters,87.58
Antonio,Williams,72.67
Tessa,Youngman,85.45
Norma,Montoya,70.03
Andrew,Render,77.49
Thomas,Bruce,82.65
Allison,Kwiecien,82.44
Mabel,Rickards,80.74
Larry,Wright,86.44
Brian,Stewart,80.29
Gregory,Anderson,74.43
Judith,Macdonald,73.45
William,Kaster,90.4
April,Shan,69.04
Michael,Palmer,86.75
Scott,Smith,79.27
Donald,Delagarza,71.34
Leila,Ford,91.51
Susan,Madison,81.33
Matthew,Blackford,80.03
Lona,Myers,72.18
Corinne,Mendez,86.01
Awilda,Badanguio,75.66
John,Parker,67.67
Alicia,Francis,89.98
Connie,Macpherson,82.21
William,Miller,82.3
Warren,Stevens,65.96
Richard,Hilton,84.31
Antonio,Mcneil,77.73
Bonnie,Chute,76.72
Dione,Herbert,81.8
Earl,Arthur,74.23
Velma,Woods,72.19
John,Waters,79.42
Melvin,Lacy,69.23
James,Thomas,86.56
Scott,Jackson,79.49
Cathy,Ward,77.06
Maritza,Talarico,75.51
Jose,Hogan,63.79
Essie,Wierzbicki,96.58
Mitchell,Mikkelsen,75.81
Amy,Taylor,90.01
Christopher,Pettis,84.87
Betty,Velasquez,71.23
Amanda,Barta,71.83
James,Parkin,86.67
Kenneth,Heller,74.15
Salvatore,Secrist,69.89
Renee,Sharma,73.11
Linette,Dunmore,79.48
John,Cordray,71.36
Charles,Dean,82.47
Betty,Narvaez,85.9
Loren,Colston,73.43
Kenneth,Haynes,81.77
Russel,Willis,67.68
Justin,Perkins,96.66
Michael,Gammon,74.85
Louis,Wilks,70.8
Blaine,Dizon,83.12
Ricky,Miller,65.24
Matthew,Madsen,78.25
Theodore,Strauser,76.44
John,Soto,83.34
Larry,Yucha,86.77
Ruth,Brown,79.84
Spencer,Hammond,78.0
Kenneth,Stewart,85.31
Justin,Brown,78.67
Andrew,Williams,67.06
Joseph,Jenkins,74.42
Herbert,Bidwell,86.07
Glen,Fain,82.92
Naomi,Kirkpatrick,77.92
Monica,Smith,87.68
Helen,Long,75.14
Viola,Anderson,77.37
Irene,Silverberg,76.89
Richard,Ford,82.24
Mary,Mackenzie,102.78
Mary,Kitsmiller,94.35
Antonio,Boswell,72.66
Maria,Reed,63.1
Joseph,Sneed,75.21
Irene,Wood,79.15
Johanna,Kearby,76.99
Catherine,Fowler,84.7
Jessica,Harris,79.55
Ann,Bryant,65.24
Mary,Majure,66.69
Deborah,Ball,87.76
Isabel,Vera,85.81
Melissa,Whalen,74.07
Claude,Blanton,66.78
Ronald,Wicks,68.4
Michael,Brown,57.75
Nancy,Crawford,86.82
Dwayne,Heller,78.02
Alisa,Nix,77.76
William,Williams,84.8
Melvin,Williams,85.64
Ann,Hartman,79.74
Dennis,Morgan,63.66
Susan,Meadows,79.38
Sarah,Harris,71.84
Marian,Silva,89.37
Ronald,Wendt,68.03
Miguel,Willard,81.87
Mary,Walker,75.77
Scott,Jones,97.04
Noemi,Andrews,72.71
Phillis,Miranda,78.27
Peggy,Brown,71.99
Shayla,Crane,77.01
Beverly,Vincent,91.59
Jonathan,Lee,75.51
Jerry,Oates,68.98
Maxine,English,70.1
Gerri,Carriere,71.96
Billy,Beaton,80.63
Chris,Cummings,72.29
Billy,Fairman,73.23
William,Walls,74.25
Josephine,Pegoda,86.36
Lisa,Cameron,87.95
Stacy,Porter,64.65
Kurt,Pearson,81.05
Lynn,Bryant,78.53
Stacy,York,85.42
Dennis,Boyd,80.48
Whitney,Jones,83.82
Caitlin,Anderson,70.12
Carlene,Smith,81.2
Douglas,Hibbitt,63.2
Jacqueline,Hensel,69.88
Johnny,Padilla,80.67
Ernest,Schaus,87.02
Beatrice,Parker,76.94
Peggy,Sanborn,73.66
Steven,Nagura,78.87
Richard,Gaydos,75.05
Jan,Ore,79.41
Rita,Elledge,78.65
Stephen,Porras,73.94
Frances,Stengel,84.43
Hannah,Hunter,75.76
Nathaniel,Christensen,60.85
Chad,Testani,96.24
Allan,Collins,75.59
Jennifer,Blunt,77.48
Darlene,George,66.26
James,Cantrell,73.54
Bernie,Quitugua,70.96
Stephen,Johnston,66.9
Christopher,Amen,71.17
Donny,Deyoung,72.0
David,Mcfall,74.0
Craig,Wentz,82.45
Elmira,Mcdonnell,71.24
Kimberly,Woodworth,88.23
Peggy,Buroker,66.64
Jessica,Pisciotta,78.82
Linda,Lemley,75.95
Tina,Brown,82.94
Sara,Bennett,88.86
Peter,Hudson,81.43
Robbin,Wheeler,80.67
Gary,Kelly,87.62
Germaine,Nairn,79.77
Mary,Rodriguez,61.54
Claude,Malott,79.68
Quinton,Durkin,86.02
David,Moore,70.88
Elbert,Wells,79.27
Christopher,Dobbs,66.51
Linda,Whisenand,76.38
Brenda,Kuhls,71.7
Kirby,Peoples,68.83
Manuel,Larue,72.87
Martha,Cotton,69.98
Sherri,Freeman,77.76
Lori,Collins,72.21
Rosa,Parra,97.07
Joy,Strong,83.11
Lowell,Wurdeman,77.52
Frankie,Truesdell,92.95
Karla,Dawson,77.93
Joshua,Harvey,74.17
Nettie,Willaims,90.77
James,Vergari,71.76
Jeffrey,Frisch,73.55
Rebecca,Richardson,82.49
John,Paul,86.85
Kathy,Thomas,66.37
Verlene,Stewart,67.69
Elenore,Helfer,79.87
Charles,Nichols,79.31
Michael,Seidel,80.18
Christine,Bates,75.3
Tammy,Martin,82.95
Michael,Byers,77.11
Betty,Briggeman,85.68
Kristine,Parks,85.51
Trevor,Myers,80.76
Brenda,Stafford,65.05
Michael,Roach,70.56
Clarence,Sporle,62.69
Reed,Herauf,65.51
Rodolfo,Dubinsky,73.0
Nicole,Alderson,84.03
Cynthia,Grimes,86.23
Kathy,Taylor,89.59
David,Perrotta,75.73
Bobby,Mack,71.73
Amanda,Kremer,86.09
Michael,Voorhees,73.19
Chris,Ingersoll,63.0
James,Hope,75.27
Stanley,Pel,85.41
Michael,Couto,67.63
David,Greer,79.81
Kenneth,Steele,74.3
Ayanna,Hahn,82.83
Jennifer,Contreras,76.21
Melissa,Kalar,83.91
Andrew,Woodfin,66.44
Harry,Glancy,72.54
Pamela,Edwards,72.53
Jason,Giard,74.95
Amber,Brown,74.16
Leola,Molina,68.89
Rosena,Lyons,63.94
Linda,Vancleave,66.9
Crystal,Luksa,73.46
Thelma,Reese,71.71
Ronald,Robinson,75.02
Aaron,Howell,92.42
Morris,Thurston,74.14
Shannon,Huddleston,79.45
Regina,Oneal,73.35
Matthew,Owens,69.09
Long,Rave,72.68
Jason,Grant,72.14
Larry,Thorpe,91.76
Jeff,Eady,79.85
John,Hoover,74.09
Ronald,Hathcock,90.7
Melvin,Milligan,66.6
Clark,Murguia,79.36
Louise,Stafford,78.03
Donna,Smith,81.96
Tina,Hartry,72.89
Melissa,Snyder,74.28
Ellis,Greenwood,83.01
Francis,Kester,78.61
Katie,Barnfield,68.39
Mary,Everson,73.16
Mary,Gerdes,78.93
Kathrine,Taylor,84.63
Sandee,Miranda,74.96
Jill,Jimenez,88.11
Lily,Pesso,88.88
Brandon,Strickland,67.36
Joe,Fitzpatrick,58.84
Paul,Souphom,75.31
Gail,Brassfield,77.17
Ted,Ortega,85.03
Leo,Hundley,80.32
Paul,Camire,85.67
Edward,Vancamp,80.04
Margie,Lemon,74.24
Robert,Majors,74.19
Emma,Cameron,87.19
David,Wood,72.55
Joe,Despres,76.66
Harry,Joyal,83.08
Mario,Bryan,70.64
Laura,Burgess,95.35
Charles,Hastings,73.97
Antonia,Brown,73.08
Thomas,Hartsock,75.89
Joseph,Begay,70.57
Rachel,Hunter,86.46
Mary,Mccartney,91.73
Martin,Webb,64.57
Robert,Decker,81.24
Patrick,Suero,80.99
Paul,Burgess,82.35
Elizabeth,Tichenor,80.81
Jacqueline,Warren,84.66
Vicky,Cox,62.04
Timothy,Conaughty,78.13
Michael,Haskins,72.94
Vickie,Hoosier,69.81
Israel,John,69.36
Ryan,Taplin,76.68
Juliane,Johnson,67.19
Latasha,Delano,93.13
Victor,Moore,84.62
Michael,Depew,79.42
Donald,Delgado,65.79
Jack,Benedict,78.7
Anne,Avella,88.69
Eve,Fleming,81.08
Harry,Sanders,89.15
Gary,Moskowitz,69.72
Gerald,Dolce,79.27
Noma,Linn,82.43
Lynn,Vining,63.65
Mark,Alegre,80.0
Jeff,Hargraves,66.9
Erik,Trevino,80.05
Ira,Sosa,79.34
Betty,Mitchell,88.32
Peter,Hasan,82.3
William,Numbers,83.1
Cecelia,Watts,66.58
Isaac,James,74.85
Barbara,Morrow,61.06
Greg,Ritchie,83.61
Norma,Turbyfill,59.64
Elizabeth,Lash,70.98
Brandon,Clark,61.86
Michael,Kiser,73.61
Michael,Blow,78.17
James,Woodruff,76.48
James,Perrette,67.1
Leslie,Mccabe,71.61
Lee,Byrd,75.43
Willie,Jameson,74.18
Robert,Duran,93.64
Patricia,Gonzalez,83.63
Marion,Nelson,98.58
David,Hibbert,78.06
David,Alvarez,91.07
Iva,Hensley,81.41
Ula,Addy,81.55
Josef,Zeff,85.23
Janet,Hill,81.62
Donna,Natera,75.88
Leon,Singley,79.65
John,Vanburen,81.84
Joann,Johnson,83.1
Damian,Alexander,72.36
Joseph,Mealer,84.22
Jane,Lacosse,76.56
Dorothy,Blackwell,71.06
Gordon,Brown,84.17
John,Ortiz,72.66
Anna,Tuttle,64.83
Robert,Loftis,77.92
Juana,Smith,66.6
Richard,Williams,78.06
Charlene,Bridges,73.65
Vivian,Washington,64.87
Christopher,Sosa,94.35
Thao,Fox,73.51
Phyllis,Howard,79.12
Carolyn,Adams,77.71
Blanca,Hobby,75.55
Robert,Dender,65.81
Suzanne,Casey,76.69
Jeffrey,Graves,80.48
Violet,Ortiz,73.56
Courtney,Byington,74.66
Betty,Pond,95.59
Domenic,Hile,74.01
Henry,Campbell,73.79
Alison,Costello,84.33
Alyssa,Kimmel,80.37
Willie,Mcmahon,63.41
Mark,Hines,81.29
Ashley,Keenan,65.13
James,Guillen,74.65
Lucille,Brown,67.91
George,Bronson,77.42
Logan,Siegfried,74.68
Anne,Lemke,81.47
Robert,Williams,78.46
Fernanda,Fryar,78.2
Anthony,Bonds,58.19
Robby,Purifoy,87.6
David,Mills,89.11
Kristen,Norwood,85.18
Guillermo,Butler,79.97
Mary,Kennedy,80.52
Rebecca,Breeden,72.43
George,George,74.71
Wayne,Mendes,90.74
Kenya,Smitley,75.85
Margaret,Peel,83.21
Robin,Smallwood,83.52
Robert,Allen,73.08
Abby,Jacobson,75.15
Kathleen,Kinlaw,73.34
Philip,Malone,84.57
Theresa,Franklin,77.29
Jean,Schimmel,76.4
Melinda,Castrey,89.12
Cody,Szydlowski,81.71
Larry,Carolin,85.24
Horace,Vierra,82.49
Brenda,Mcfadden,86.29
Ruby,Minyard,61.18
Cristal,Wargo,84.66
Mary,Griffin,84.14
Jillian,Bagdon,77.5
Sophia,Rhodes,87.38
Kyle,Walker,88.95
Fred,Schneidtmille,68.64
Mildred,Coward,91.01
Kathleen,Donahue,73.62
Tina,Geronimo,73.6
Walter,Neal,73.61
Gail,Crafton,83.91
Charles,Varel,88.26
Brandon,Shipp,79.58
Helene,Hedrick,77.09
Julia,Pride,73.92
Jean,Spencer,86.05
Stephen,Fuentes,72.12
Rosario,Moore,86.3
Mike,Quimby,65.67
Jack,Allen,81.4
Dawn,Millwood,74.01
Clyde,Pearson,82.94
Barry,Pounds,67.92
Sherrie,Lafromboise,68.34
Russell,Devine,92.62
Bobby,Duffy,73.76
Rhett,Romero,77.25
John,Steven,97.98
Ellen,Stevenson,77.41
Perry,Burns,69.08
Isaac,Patterson,74.97
Steven,Wilder,65.77
William,Kimball,80.48
William,Dawson,79.78
Christopher,Dempsey,97.0
John,Jackson,93.37
Adam,Brashear,68.65
Christopher,Ramirez,63.97
Mary,Price,83.53
Kathleen,Hodges,75.53
Cecil,Blandy,85.03
Michelle,Brown,79.16
Damon,Butler,82.14
Michelle,Horton,85.26
Kevin,Taylor,67.49
Sandra,Crews,79.63
Dorothy,Cowan,85.9
Carol,Rodriguez,60.92
Raymond,Obrien,66.36
Elizabeth,Almonte,91.42
Dennis,Fitanides,68.04
Leo,Kubat,83.81
Michale,Steele,83.3
Victor,Rollag,73.74
Joe,Castro,83.78
Mary,Robinson,82.19
Carla,Anglin,70.44
Melanie,Burton,88.37
Barbara,Hyland,73.07
Nancy,Gipson,87.75
Michael,Bring,80.98
Dorinda,Fortier,73.63
Georgia,Beck,87.15
Robert,Weldon,80.23
Herman,Skelton,85.07
Sarah,Kilian,96.32
Laureen,Bryant,83.75
Phillip,Landor,89.04
Alton,Juhasz,69.09
David,Whitehead,86.11
Hubert,Webb,84.79
Dorothy,Wells,76.41
William,Barry,78.87
Robert,Feaster,85.04
Carlos,King,75.19
George,Thomas,72.78
John,Wolfe,66.99
Jennifer,Sanchez,78.3
Nancy,Egbert,71.69
Amanda,Ortiz,80.63
Paul,Uong,73.82
Jennie,Williams,86.31
Sam,Oconnor,79.64
Julie,Trevino,81.81
Lisa,Sherman,82.53
Louis,Seal,72.5
Robert,Clark,88.4
Ruth,Dillon,73.88
Alice,Duncan,82.18
Rebecca,Sherman,75.06
Steven,Escudero,74.71
Jose,Statler,73.14
Derek,Constantino,74.63
Anita,Young,73.64
Adam,Bryant,66.27
Anglea,Graham,89.73
Joan,Bush,75.48
Albert,Clark,73.77
Justin,Seabrook,68.2
Rebecca,Martinez,77.55
Cindy,Reed,57.69
James,Covington,82.36
William,Krueger,74.89
Janice,Webber,76.01
Delores,King,88.94
Joel,Thomas,73.25
Gayla,Johnson,79.7
Ivan,Evans,85.67
Nancy,Stehle,69.88
Paul,Williams,79.57
Michael,Souers,87.2
Harriet,Johnson,67.21
Katherine,Holt,78.13
Boyd,Alcaraz,76.24
Agnes,Nowak,91.69
Frances,Hawkins,75.61
Joseph,Slaugh,93.41
Michael,Gorham,85.08
Laura,Wrye,100.28
Dustin,Laughlin,70.83
Charles,Mathis,82.2
Willie,Aponte,87.05
Maya,Atwell,75.83
William,Bozek,86.22
Anthony,Rees,81.94
Alyssa,Watts,86.41
Janine,Groves,72.12
Bruce,Campbell,90.19
Shane,Iannone,62.21
Erin,Sanders,95.87
Milton,Schoonmaker,55.85
Leland,Thacker,67.47
Susan,Herrera,82.1
Arthur,Cropley,76.24
Henry,Sorensen,78.61
Garret,Hinostroza,82.02
Wendy,Taylor,81.3
Monica,Stewart,83.9
Lois,Kilburn,80.46
Joshua,Gallardo,73.33
Frederick,Irving,76.91
Edward,Jensen,74.39
Paul,Doss,76.73
Rafael,Briggs,73.57
Wilbert,Clark,77.46
Elizabeth,Benefield,87.28
Frank,Rivera,77.88
Chad,Robinson,87.36
Eric,King,83.29
Reginald,Elston,74.92
Jarrod,Treadway,65.61
Connie,Mehtani,70.16
David,Lewis,80.69
Helen,Pruzansky,92.91
Barbara,Schoeck,78.61
Shawn,Evans,77.87
Fannie,Barker,76.46
Annie,King,61.81
Ronnie,Dunn,78.73
John,Bell,85.67
Alvin,Harrelson,79.88
James,Orrick,89.45
Jody,Peterson,61.58
David,Fleming,74.23
James,Page,75.14
Anne,Hansen,81.13
Debra,Manson,69.93
Diane,Sanchez,71.87
Lou,Sharma,80.95
Patrick,Jones,80.76
Curtis,Garcia,92.9
Michael,Scott,70.34
Daniel,Degidio,72.23
Denise,Ward,90.16
Doloris,Swain,85.26
Mario,Ballard,70.32
Gail,Coon,72.4
Eddie,Hutchison,76.9
Sylvia,Boyd,74.12
Mark,Yee,70.1
Annette,Schneider,52.17
William,Kohn,89.5
Jena,Byers,95.71
Marlon,Douglas,75.37
Margaret,Horner,81.04
Brenda,Weaver,71.59
Edna,Swinton,72.37
Irene,Watson,68.69
Wilson,Henderson,70.47
Melissa,Smith,83.86
James,Bish,75.9
Sharon,Parker,75.67
John,Beard,74.77
Humberto,Jackson,81.62
Megan,Renfro,85.67
Adam,Friedman,88.02
Alfredo,Halley,62.7
Cory,Johnston,83.07
Arlene,Paulson,73.48
Eunice,Gilbert,79.52
Freddy,Freedman,83.47
Dominick,Griffo,74.7
Martin,Schwab,78.38
Jeffrey,Johnson,90.14
Alesha,Ousley,68.55
Aaron,Kline,70.04
Tim,Hirsch,72.84
Dovie,Leach,88.56
Jayson,Maio,79.55
Carroll,Clark,87.67
Darryl,Jeune,66.27
Neil,Smith,78.03
Avery,Fairweather,87.82
Diana,Cortes,84.43
Jason,Carter,83.71
Tracy,Hutchinson,90.58
Kristina,Potts,70.32
Norma,Fissel,77.96
Gail,Brackett,75.68
Lynn,Huslander,66.85
Allison,Adkins,77.54
Yolanda,Weiland,80.16
Charles,Burgos,80.02
Brendon,Robinson,81.6
Helen,Letendre,82.76
Mary,Leach,83.04
Nancy,Willimas,84.02
Lyle,Byrd,67.78
Jacqueline,Kreitzer,68.01
Charles,Reinhart,72.0
Izetta,Hartley,80.91
Steve,Jones,67.96
Bryan,Harless,77.63
Matthew,Hill,80.97
Rodney,Willier,65.7
Charles,Staton,65.06
Helen,Shorter,84.22
Cedric,Garcia,69.8
Charles,Nash,83.17
Robert,Kinsey,100.43
Elizabeth,Annis,79.01
Kathryn,Moore,76.72
Regina,Buchholz,82.58
Charles,Patterson,79.29
Deborah,King,79.46
Nancy,Miller,76.88
Patricia,Smith,77.3
Randall,Saucedo,78.41
Lea,Rudy,75.92
Alberto,Rivas,79.39
Victor,Savage,72.05
Kenneth,Mason,67.81
Elnora,Lampe,70.0
Frank,Kahrs,73.61
Nellie,William,85.0
Kimberly,Higgin,71.85
Wilton,Boles,85.6
Mary,Brown,80.05
Paul,Lacey,79.91
John,Johnson,91.5
Christopher,Richardson,84.64
Gerald,Reifsteck,88.46
Shannon,Pritchard,77.56
James,Byars,75.72
William,Myers,93.31
Denise,Wellard,69.51
Alda,Harrington,76.32
Kyle,Koehne,67.04
Frederick,Fair,70.63
Yolanda,Todd,68.43
Susan,Evans,80.65
Hugh,Kelly,63.14
Patricia,Santos,85.92
Michael,Hays,76.04
Dustin,Mayo,76.92
Anthony,Baxter,89.38
Tamatha,Sultemeier,88.22
Annie,Chapman,83.06
Vanessa,Jepko,81.5
Carol,Jennings,82.38
Bill,Hanson,54.05
Chris,Lewis,78.72
Matthew,Balling,76.26
Annie,Poling,70.22
Lucille,Sanders,82.1
Nancy,Little,79.82
Kristina,Schmidt,78.13
Eric,Vance,76.54
Antonio,Mcallister,84.93
Courtney,Prude,75.79
Jacqueline,Stevens,77.21
Lee,Savage,87.42
Willard,Shaw,84.17
Isaac,Chapman,77.55
Ernest,Mannella,73.11
David,Scott,78.38
Dawn,Muto,68.98
Clayton,Owens,75.51
James,Olenius,66.9
Linda,Wood,87.31
Wendy,Farrar,77.4
Karla,Davidson,71.0
Alexandria,Rojas,89.47
Margaret,Ward,74.07
Michelle,Jolivette,83.9
Iva,Wilkerson,84.82
Janice,Gladwin,93.88
Julio,Morrow,81.39
Richard,Coffey,75.05
Michael,Shell,80.92
Linda,Donato,77.29
Ruth,Branch,72.14
Mark,Saleh,88.23
Bernardo,Singletary,77.36
Michael,Scott,79.47
Ethel,Criswell,75.24
William,Browning,85.64
Laurie,Imperial,71.91
Jane,Richard,101.02
Michelle,Moss,66.5
Carol,White,79.54
Maria,Ingraham,73.49
Veronica,Marmon,87.11
Van,Christ,84.93
Maria,Metcalf,86.81
Shanon,Riggins,74.41
Christopher,Lilly,94.56
John,Mcdaniel,60.79
Rodrick,Emmi,93.61
Harriet,Patrylak,72.93
Amy,Griffis,90.98
Rita,Waller,90.0
Jackie,Begin,79.92
Garry,Long,78.21
Donald,Johnson,71.25
Beverly,Fife,72.79
Christina,Reyes,71.89
Elizabeth,Holden,75.57
Eddie,Wallin,89.79
Kimberly,Avina,78.33
William,Hartman,62.83
Martha,Bien,73.2
Grace,Pace,89.91
Nathan,Farr,75.41
Brian,Franz,80.77
Sandra,Hudson,89.44
Carolyn,Mackey,96.21
John,Holt,76.98
Tonia,Dykstra,75.58
Linda,Lowe,76.61
Christopher,Melendy,80.34
Regina,Glander,77.96
Francis,Matthews,83.98
Richard,Hewitt,85.54
Lisa,Ellison,78.42
Connie,Dixon,87.05
Robert,Mcdougal,74.61
Kerri,Knoll,74.34
Emery,Kirby,78.93
Timothy,Gough,91.03
Victoria,Bragg,95.55
Patricia,Knesek,74.18
Peggy,Maxfield,60.87
Doyle,Welte,75.7
Jean,Brentley,72.02
Matthew,Romero,70.5
James,Matheny,70.67
Myrtle,Jones,89.53
Humberto,George,79.12
Steve,Gandhi,65.27
Cynthia,Adame,77.81
Luis,Daigle,79.09
Charles,Hackworth,89.5
Karen,Burris,77.56
Frank,Moore,85.25
Richard,Hawkins,91.33
Cassie,Davis,74.61
Kerry,Wingard,88.62
Debra,Roberts,80.47
Christa,Bishop,91.49
Denise,Johns,76.43
Christopher,Miller,71.31
Todd,Fitzgerald,71.01
Marco,Diaz,70.2
Shawn,Hughes,76.37
Tim,Edmonson,83.06
Lee,Constantine,73.75
Terrence,Ramon,74.12
Juan,Szerszen,85.3
Mary,Wiley,75.46
Lawrence,Weese,78.17
Viva,Yancey,75.86
Jeffrey,Hudec,90.04
David,Bara,80.25
Rene,Knauf,83.76
Heidi,Scoles,80.43
Lynn,Allen,75.97
Margaret,Hahn,80.76
Marie,Guenther,74.32
Inez,Thompson,78.34
Ana,Rodriquez,77.22
William,Azulay,74.84
Cindy,Lewis,77.52
Jennifer,Butler,77.05
Travis,Green,84.16
Marie,Aguayo,69.57
Robert,Baichan,87.92
Katherine,Mitchell,82.52
Kathleen,Bradford,73.75
James,Romo,94.73
Arthur,Moore,75.49
Elizabeth,Block,80.2
Clifford,Richmond,62.7
Phyliss,Dronet,62.65
Vera,Madden,87.22
Nellie,Stehlik,69.4
Steven,Aguilar,82.56
Armando,Jones,72.16
Ronald,Alldredge,77.29
Sherry,Duran,80.87
Fritz,Hogue,77.49
Deborah,Gill,67.99
Miguel,Simon,83.73
Linda,Johnson,95.87
Roger,Ross,85.85
Doris,Macias,79.62
Jack,Labelle,79.92
Jonathan,Wittner,76.31
Christopher,Backus,70.2
Jeremy,Dear,73.51
Rosa,Gourdine,80.98
Kevin,Nash,89.1
Ellis,Murphy,79.82
Brenda,Hayes,72.97
Shirley,Domino,82.44
Ethel,Cuadros,61.41
Frank,Mclamb,69.36
Dorothy,King,80.15
Dorothy,Bane,84.74
Edward,Golden,72.06
Thomas,Mysak,87.06
Larry,Peterson,74.71
James,Patterson,78.7
Andrea,Session,70.6
Olga,Johnston,76.11
Rachelle,Custer,86.11
Francisco,Toth,88.14
Regina,Turnbull,66.59
John,Peart,81.5
Gloria,Gleen,75.1
Lynne,Holcomb,67.48
Jennifer,Garner,72.19
Domingo,Chavez,69.75
Beverly,Foust,93.94
Sharon,Pazmino,72.66
Justin,Uttech,69.93
Betty,Starbuck,77.72
Eric,Martin,66.45
Fred,Brown,72.84
Justin,Williams,85.96
Katherine,Reiley,82.78
Cornelius,Wiley,76.5
Melodie,Decker,76.16
Richard,Morris,91.46
Kevin,Williams,76.83
Billy,Almaguer,78.79
Georgina,Newcomb,104.3
Leon,Stuckey,69.77
Jonathan,Goddard,79.37
Heather,Mork,89.95
Jeannie,Ward,88.03
Margaret,Somilleda,88.28
Walter,Hill,73.53
Jeff,Piirto,84.1
Manuel,Reese,80.94
Jennifer,Temple,81.37
Vanessa,Miles,75.2
Norman,Lorensen,56.16
Jeffry,Mcsherry,76.98
Jean,Wingfield,71.44
Elizabeth,Haigh,69.37
Eric,Martin,83.79
Jessie,Mabry,68.89
Dwight,Shaw,82.94
Barry,Vaughn,67.98
Donna,Slaughter,78.85
Cynthia,Cleveland,82.29
Kathrine,Stimmel,83.63
Hattie,Castro,78.33
Cleo,Joseph,86.13
Terry,Villarreal,75.35
William,Domingo,90.41
Jack,Strope,79.91
Michael,Reed,73.24
Charles,Deremer,74.75
Robert,Bowman,67.13
Kathy,Escoto,82.17
Audrey,Barrera,77.23
Melvin,Maldonado,78.83
Omar,Burke,80.99
Esperanza,Goss,84.44
Rose,Meraz,71.06
Loreen,Obregon,76.41
Miguel,Dehaan,88.98
Mildred,Hernande,81.41
Robert,Glidewell,75.54
Barbara,Usher,66.69
Kirk,Hudgens,75.62
Kerry,Prisco,92.14
Cynthia,Moniz,82.8
William,Rehart,90.7
Tracey,Andersen,67.59
Rebecca,Richarson,92.7
Lucas,Zuniga,80.49
Jack,Callis,91.55
Louise,Gutknecht,74.41
Robert,King,70.21
Rita,Rose,89.61
Paul,Ayers,71.84
Stanley,Purdom,74.62
Velma,Church,80.8
Beverly,Longacre,64.31
Glory,Short,88.21
Monica,Fields,73.13
Austin,Dahl,74.26
George,Bryer,90.38
Allison,Butler,76.6
Fannie,Crawford,82.77
Kenyatta,Welch,78.01
Connie,Adamczyk,70.25
Clara,Daquilante,81.76
Albina,Gehrke,74.64
Joel,Garrett,81.39
Tamara,Suttles,78.23
Crystal,Morgan,76.41
Dan,Harvey,71.42
Bryan,Nichols,93.38
Lora,Dixon,71.3
Arlene,Long,73.6
Sherry,Verrelli,69.06
Mike,Bussey,86.59
Robin,Cruz,74.0
Frederick,Muniz,73.52
Jessie,Brinkley,70.55
Albert,Rice,73.75
Adam,Folkers,96.09
Claudia,Banks,80.5
Karen,Ecklund,76.4
Erika,Hamburg,81.96
Giselle,Chevrette,86.73
Judith,Dalphonse,89.79
Megan,Jessee,69.79
Arthur,Farnan,73.28
Shelli,Powell,78.34
Lore,Hoppes,64.1
Sharon,Self,94.98
Josephine,Deisher,87.45
Dollie,Veatch,75.6
Ryan,Anderson,77.59
Kathy,Stratton,88.41
Guadalupe,Andersen,92.58
Jolene,Cannon,83.69
Hester,Ross,78.39
Harold,Rice,74.61
Linda,Ziegler,86.27
Greta,Walter,76.46
Emmett,Sulc,88.25
Mary,Armantrout,75.76
Susie,Coulter,59.38
Catherine,Gilchrist,72.89
Tim,Johnson,83.87
Amy,Kjelland,80.29
Richard,Beck,83.56
Jerry,Covington,79.56
Adam,Wyrick,84.51
Joan,Mckouen,91.68
Lisa,Jones,75.89
Carolyn,Volpe,71.85
Debra,Mixon,69.92
Kevin,Merrill,63.02
Jacob,Potter,95.74
Kenneth,King,87.82
Jennifer,Wiggins,71.23
John,Canter,85.59
Michael,Terry,73.7
Claude,Rosario,69.57
Brittany,Kim,72.66
Richard,Holland,82.94
Gloria,Finnegan,72.54
Mark,Medeiros,74.73
William,Cruz,74.3
Robert,Mayon,76.92
Robert,Adams,77.56
Michael,Chreene,87.39
Nina,Masson,82.17
Jose,Bernal,80.93
Janice,White,75.08
Aaron,Beirne,77.56
Ashley,Tiede,75.83
Mark,Eaton,64.4
Bryan,Thompson,80.57
Michael,Stewart,72.07
Eleanor,Garcia,76.08
Martha,Starkey,75.21
Chandra,Kingsley,90.21
William,Cole,94.8
Ronald,Reed,62.81
Kimberly,Sherman,69.26
Wayne,Warren,69.45
Jason,Rodriquez,71.13
Fernando,Mcknight,70.95
Lara,Day,72.55
Norma,Steven,82.55
Mark,Quero,69.31
Kimberly,Baker,90.24
Michael,Burns,82.85
Katrina,Hair,74.97
Nicole,Ramsay,75.01
Dennis,Harwell,69.79
Francis,Dare,56.98
April,Walling,85.97
Teri,Rockett,79.68
John,Harvey,85.84
Theresa,Berg,78.79
Michael,Baldwin,89.91
Stephen,Johnson,77.49
Steven,Marley,91.77
Nicholas,Stephens,75.49
Priscilla,Jackson,70.59
Doug,Vath,76.09
Irene,Read,73.22
Cassandra,Diminich,76.74
Justin,Steinberg,80.07
Eilene,Jenkins,75.05
Peter,Brumleve,87.01
Walter,Ferrel,69.4
Patricia,Vance,76.77
Anna,Watson,75.16
Gary,Cooper,64.15
Rene,Holtz,71.55
Marshall,Giordano,80.93
Susan,Mccracken,81.13
Warren,Vandusen,84.65
Kevin,Mikos,78.04
Darlene,Hoerner,93.16
Alfred,Haley,75.17
Jose,Marden,78.79
Donn,Avers,67.89
Robert,Gaddis,80.38
Mark,Holmes,85.08
Marylin,Hymel,80.77
Kathleen,Shetler,94.35
Hazel,Cline,70.15
Roger,Moss,70.81
Charles,Scott,84.25
Estella,Thomas,82.7
Christopher,Daudelin,70.51
Debbie,Reyna,79.35
Jeffrey,Yarbrough,74.65
Guillermo,Winokur,75.23
Katherine,Kent,60.34
Geraldine,Williams,74.18
Vivian,Smith,77.38
Rosa,Osborn,76.99
Mary,Lirette,74.2
Andy,Suttee,81.46
Linda,Walker,85.3
Lou,Davenport,77.65
Mark,Smith,71.69
Amy,Bateman,92.8
Teresa,Sibbett,86.0
Melissa,Miller,74.19
Dennis,Buckley,85.74
Sandra,Splawn,76.37
Linda,Miller,72.0
Robin,Renard,80.9
David,Lacoss,84.31
Susan,Edelman,73.39
Joseph,Jones,67.62
Rita,Henry,78.46
Mark,Leroy,84.68
Cary,Frank,90.85
Liana,Britton,84.53
Irvin,Green,78.0
James,Lucas,76.97
Tracy,Shannon,83.57
Carol,Norman,86.18
Eileen,Fowler,78.92
Michael,Westfall,89.07
Tamra,Barrington,63.01
Maria,Bare,81.38
Lesha,Hughes,79.38
Tamela,Hester,84.52
Mark,Johnston,81.22
Theresa,Rollefson,76.99
Marsha,Craig,74.31
James,French,68.93
Laurence,Jasper,84.08
Donny,Massa,83.47
Susan,Washburn,69.45
Robert,Levin,97.1
Marjorie,Ackman,91.29
Dorothy,Knight,79.84
Michael,Gupta,72.86
Michael,Sebeniecher,73.82
Ruthann,Wilson,60.5
Chuck,Sewell,82.31
Susan,Guzman,90.3
Molly,Calvin,74.42
Mark,Roussel,64.48
Robert,Coffey,72.06
Angla,Delrio,81.83
Martin,Mingione,92.51
Dorothy,Webster,76.37
Matthew,Kwon,73.22
Jim,Lee,85.32
Nancy,Brewer,76.5
Danny,Timm,79.33
Steven,Salas,83.26
Barbara,Carrillo,82.94
David,Sciancalepore,74.71
Carolyn,Hanna,86.64
Diane,Andersen,78.87
Eileen,Mckinsey,64.11
Joseph,Hill,78.27
Christy,Gibson,66.54
Harry,Pruitt,91.75
John,Metz,76.67
Virginia,Deluca,71.62
Mary,Mcgowan,82.75
Karen,Wilson,66.67
Brenda,Burris,78.4
Eric,Byron,80.26
Tina,Mcadams,76.32
Gloria,Enders,76.13
Lyn,Lewis,77.17
Daniel,Guyer,73.85
Randy,Mencia,86.6
David,Stefaniak,81.3
Kyle,White,69.02
Gilberto,Shea,70.09
Kim,Milligan,69.34
Yvette,Reese,84.58
Donald,Holland,73.77
Diane,Jackson,80.67
Ricky,Majors,68.81
Michael,Moore,80.01
John,Washington,79.37
Clarence,Hartman,74.08
James,Adams,69.51
Diana,Frost,78.4
James,Zelaya,63.24
Robin,Whitlatch,88.23
James,May,84.55
Juan,Pollack,76.38
Robert,Sharpe,74.97
Hortense,Hammons,75.8
Paula,Thomas,87.13
Annie,Rumph,73.59
Amy,Luthy,71.12
Mary,Boyd,79.18
Courtney,Cooper,83.66
Keith,Sharp,76.63
David,Fuger,89.92
Eduardo,Mclennan,69.52
John,Walden,74.35
Louann,Robles,88.96
Margaret,Nelson,77.52
Russell,Woods,81.51
Bob,Loatman,84.87
Eugenia,Huskey,71.07
Elizabeth,Henson,88.41
Juanita,Bearden,84.37
Phyllis,Beahm,87.88
Roberto,Martin,75.68
Emily,Dyches,62.16
Barbara,Huerta,81.31
David,Mackenzie,67.56
Anna,Murphy,71.86
Francesca,Calhoun,81.6
Deborah,Blackwell,67.48
Angela,Wright,83.45
Nancy,Houston,83.89
Louise,Wells,85.48
Geneva,Craig,66.62
Michael,Collier,57.91
Robyn,Rosado,63.93
Julie,Valentine,71.0
Cynthia,Brown,96.38
Rosalie,Finch,62.14
Patricia,Donovan,83.4
Francis,Hardy,76.42
Clifton,Isbrecht,84.2
Jill,Buehlman,79.12
Robert,Mirabella,76.98
Karen,Green,66.04
Christine,Spann,76.08
Christine,Valentine,71.78
John,Rojo,78.37
Felipe,Mitchell,87.47
Carson,Valadez,85.42
Johnny,Brenner,71.72
Alexander,Macareno,87.38
Margaret,Carlton,77.26
David,Champagne,89.9
Roberto,Kaiser,88.24
Robert,Mays,66.35
William,Aragon,75.54
Christopher,Bublitz,76.49
Mary,Sparrow,66.29
Betty,King,82.39
Cheryl,Flynt,77.19
Helen,Soto,76.09
Dawn,Rojo,80.22
Juan,Forget,74.18
Timothy,Montey,72.8
Travis,Burchfield,79.15
Calvin,Lingo,79.54
Derek,Anderson,77.43
Issac,Jackson,74.48
Gianna,Woodis,76.45
Linda,Garcia,78.62
Anthony,Martinez,73.73
Lawanda,Ortiz,80.71
Stacy,Osuna,83.78
Margaret,Boyd,80.1
Rachel,Hendrick,81.44
Ruth,Wages,80.41
Joshua,Walker,99.44
Lorraine,Higgins,81.27
April,Walker,81.65
George,Harmon,86.61
Max,Middleton,75.65
Maxine,Lawrence,84.64
Christine,Simens,72.08
Curtis,Sullivan,88.71
Jean,Velasquez,70.37
David,Williams,70.47
Kathleen,Cordoba,75.17
Steven,Dunnington,73.29
Julio,Rankin,81.52
Daniel,Leberte,78.23
Giovanni,Davis,79.25
Jamee,Cross,79.73
Jerome,Wiederwax,70.27
Verona,Bowser,81.23
James,Perisho,80.24
Geraldine,Lewis,85.7
Sally,Hurst,76.38
Micheline,Gregory,74.86
Martha,Campbell,67.49
Lela,Strohm,83.08
Eugene,Nelson,74.69
Brian,Zurawski,73.43
Cheryl,Samuels,85.47
John,Schneider,74.04
William,Dean,73.89
Fredrick,Garcia,76.53
Gloria,Rees,83.69
Richard,Marks,65.4
Jesse,Cox,70.06
Ross,Most,66.67
Riva,Brown,75.14
Ida,Glover,79.96
Christopher,Huggins,93.73
Lavonne,Sudduth,84.59
Claudia,Lichtenstein,68.27
Susanne,Vinson,73.93
Carolyn,Johns,94.37
Anthony,Acosta,81.68
Stephanie,Ishak,90.68
Sandy,Brewer,80.28
Alfred,Bentley,88.23
Tina,Eads,86.55
Hilda,Kimpton,76.87
Martha,Horn,89.97
Tracey,Tedesco,74.87
Barbara,White,82.24
Sharon,Robbins,76.28
Victor,Baker,85.12
Myrna,Cooke,70.89
Francis,Gardner,73.13
Wanda,Snyder,80.31
Sylvia,Barnett,89.94
John,Net,87.63
Robert,Johnson,83.35
Gerald,Francois,90.94
James,Kramer,86.31
Tiffany,Register,91.22
Joanne,Richmond,81.54
Jessie,Small,78.35
Charles,Brobst,60.18
Justin,Hazelip,78.02
Bonnie,Holt,86.01
Sherman,Geddes,72.22
Darrell,Mcglinchey,86.23
David,Proffer,58.44
William,Nutter,69.83
Mary,Boyer,63.58
Anita,Park,78.6
Gay,Ragan,79.17
John,Moffitt,84.86
Thomas,Houchin,83.07
Birdie,Driggers,82.86
Vivian,Pitcock,66.5
Lois,Schlaefli,80.35
Brenda,Maas,75.7
Nathan,Simmons,88.14
Melissa,Southworth,84.61
Timothy,Cantrell,66.48
Heather,Raiola,70.56
Marsha,Mclaughlin,73.14
Thomas,Shaffer,85.32
Jacob,Hall,64.01
Bradley,Leonard,79.62
James,Mariner,65.3
Scott,Woodruff,77.99
Gilbert,Sims,70.2
William,Brumer,73.46
Nelson,Riley,74.01
Peter,Stalling,82.27
Art,Lucio,87.32
Bradford,Kirch,79.67
Thomas,Edwards,80.96
Mary,Trent,81.69
Matthew,Heidema,84.1
Edward,Gonzalez,71.83
Jeffrey,Legge,84.17
Theresa,Crawford,84.66
Tara,Fanning,80.86
Lisa,Kinroth,83.01
Emily,Gaskamp,71.14
Margaret,Kimmons,70.92
Joseph,Armstrong,76.57
Micheal,Shaw,81.24
Patrick,Hemming,83.33
Ida,Sciabica,84.36
John,Gray,82.59
Lyndon,Hambrick,90.86
Thomas,Petty,86.01
Reginald,Price,73.84
Jacob,Jordan,81.72
Gerardo,Drennan,75.91
John,Hollis,68.54
Michael,Grant,77.8
Linda,Maclennan,66.27
Frances,Villareal,86.66
Melissa,Roberts,77.28
Vincent,Mitchell,79.98
Lori,Beu,84.9
Esther,Gallup,63.94
Joanna,Roeber,78.22
Janet,Martinez,69.89
Zachary,Randel,65.1
Aaron,Christofferso,78.28
Vincent,Brehmer,78.3
Wendy,Navarro,77.28
Daniel,Cooper,82.86
Judy,Long,76.85
Henry,Perkins,70.37
Eloise,Brown,59.48
Tracy,Crisp,69.68
Lorraine,Hollandsworth,72.24
Daniel,Sanderfer,87.97
Robert,Echevarria,64.04
Steven,Wilson,86.53
Albert,Rutherford,86.19
Alberta,Anderson,63.35
Holly,Tong,86.06
Gladys,Barfield,75.22
Patrick,Hernandez,76.01
Paul,Moravek,75.4
Angel,Gajate,69.64
Timothy,Hernandez,70.22
Barbara,Allee,75.8
Freda,Willsey,79.87
Katie,Stevens,75.24
Robert,Evans,68.37
Maria,Johnson,70.4
Cornelius,Mchugh,67.89
Angela,Rasmussen,75.7
Cleta,Courtney,72.08
Randall,Wood,85.29
Nathan,Bowen,77.99
Sandra,Perillo,83.5
Alexander,Davis,85.66
Diana,Chan,95.49
Katherine,Kubiszewski,71.37
Robert,Rioux,76.96
Harold,Brelsford,75.1
Eda,Parker,82.92
Pauline,Rojas,85.25
Kelly,Fifield,67.68
Kirstin,Valdez,79.42
Peter,Delgado,84.13
Patricia,Johnson,72.9
Fred,Hill,66.54
Cathi,Crews,77.39
Barbara,Foster,70.63
Michael,Ellison,78.4
Dawn,Stringer,84.37
Edward,Boyd,75.67
Christopher,Chamberlain,83.07
Barbara,Dorsey,78.86
Donna,Feazel,81.93
Paul,Bishop,75.46
Brent,Dias,78.25
Frank,Nurse,74.19
Richard,Raglin,79.85
Nita,Preece,80.35
Miguel,Camp,79.74
Fredrick,Hamill,79.05
Anna,Bryson,78.07
William,Poeppelman,88.3
Van,Robertson,79.91
James,Willis,81.44
Mary,Carrington,76.38
Lee,Sturm,84.33
Antonio,King,83.87
Jennifer,Bruns,72.95
Emma,Reid,70.4
Cindy,Pink,82.04
Bette,Barbera,72.75
Lorena,Shamapande,77.83
Kyle,Bradley,75.18
Harry,Klapper,81.93
Carol,Tomblin,75.77
William,Coleman,86.32
Hank,Rosica,66.39
Marilyn,Camilli,77.61
Norma,Rodriguez,87.6
Mary,Evans,82.14
Olivia,Cox,83.16
Bertha,Harris,80.33
Richard,Harris,74.88
Robin,Hofer,78.91
Ronald,Elrick,77.41
Myrtis,Hamby,85.98
Anna,Jones,69.42
Craig,Edwards,88.18
